File Name, Predetction, Confidence
LC08_L2SP_142049_20210608_20210615_02_T1_SR_swir1_2048_4096.png, lakes, 99.91913437843323
LC08_L2SP_145043_20211222_20211230_02_T1_SR_swir1_2048_3072.png, rivers, 69.02062892913818
LC08_L2SP_142049_20210608_20210615_02_T1_SR_swir1_1024_1024.png, rivers, 80.80107569694519
LC08_L2SP_141045_20210516_20210525_02_T1_SR_swir1_0_5120.png, rivers, 84.95296239852905
LC08_L2SP_141045_20210516_20210525_02_T1_SR_swir2_4096_1024.png, rivers, 84.99204516410828
LC08_L2SP_144049_20211028_20211104_02_T1_SR_nir_2048_3072.png, rivers, 82.2584331035614
LC08_L2SP_141045_20210516_20210525_02_T1_SR_swir2_3072_3072.png, lakes, 89.16149735450745
LC08_L2SP_141045_20211023_20211103_02_T1_SR_swir2_2048_3072.png, rivers, 84.65812802314758
LC08_L2SP_142049_20210608_20210615_02_T1_SR_nir_0_2048.png, rivers, 84.09048914909363
LC08_L2SP_141047_20201207_20210313_02_T1_SR_swir2_3072_1024.png, rivers, 80.12586832046509
LC08_L2SP_141047_20201207_20210313_02_T1_SR_nir_0_1024.png, rivers, 84.20760035514832
LC08_L2SP_141045_20210516_20210525_02_T1_SR_nir_4096_0.png, rivers, 84.82717871665955
LC08_L2SP_141045_20211023_20211103_02_T1_SR_swir1_0_3072.png, rivers, 85.01096367835999
LC08_L2SP_141045_20210516_20210525_02_T1_SR_swir2_1024_4096.png, rivers, 76.79411768913269
LC08_L2SP_141045_20210516_20210525_02_T1_SR_swir1_3072_4096.png, rivers, 87.19126582145691
LC08_L2SP_141045_20211023_20211103_02_T1_SR_swir2_2048_0.png, rivers, 85.11415719985962
LC08_L2SP_144049_20211028_20211104_02_T1_SR_swir1_0_4096.png, rivers, 80.99283576011658
LC08_L2SP_144049_20211028_20211104_02_T1_SR_nir_4096_0.png, rivers, 83.47954154014587
LC08_L2SP_143043_20211224_20211230_02_T1_SR_nir_5120_6144.png, rivers, 85.15174984931946
LC08_L2SP_145043_20211222_20211230_02_T1_SR_swir1_0_2048.png, lakes, 63.51609826087952
LC08_L2SP_142049_20210608_20210615_02_T1_SR_swir1_6144_2048.png, rivers, 83.8907778263092
LC08_L2SP_141045_20211023_20211103_02_T1_SR_swir1_2048_5120.png, rivers, 83.91992449760437
LC08_L2SP_144049_20211028_20211104_02_T1_SR_swir1_2048_1024.png, rivers, 81.43841624259949
LC08_L2SP_143043_20211224_20211230_02_T1_SR_swir2_1024_2048.png, rivers, 79.52328324317932
LC08_L2SP_141045_20211023_20211103_02_T1_SR_swir1_0_1024.png, rivers, 85.06149649620056
LC08_L2SP_145043_20211222_20211230_02_T1_SR_nir_2048_0.png, rivers, 85.1556658744812
LC08_L2SP_144049_20211028_20211104_02_T1_SR_swir1_0_5120.png, rivers, 84.85349416732788
LC08_L2SP_141045_20211023_20211103_02_T1_SR_swir2_5120_4096.png, rivers, 84.2283308506012
LC08_L2SP_141045_20210516_20210525_02_T1_SR_nir_0_2048.png, rivers, 85.330730676651
LC08_L2SP_142049_20210608_20210615_02_T1_SR_swir1_1024_6144.png, rivers, 67.27248430252075
LC08_L2SP_142049_20210608_20210615_02_T1_SR_nir_0_1024.png, rivers, 84.71543788909912
LC08_L2SP_142049_20210608_20210615_02_T1_SR_nir_0_3072.png, rivers, 84.72406268119812
LC08_L2SP_142049_20210608_20210615_02_T1_SR_nir_0_4096.png, rivers, 84.3634307384491
LC08_L2SP_142049_20210608_20210615_02_T1_SR_nir_0_5120.png, rivers, 85.13234853744507
LC08_L2SP_142049_20210608_20210615_02_T1_SR_nir_1024_1024.png, rivers, 82.00051188468933
LC08_L2SP_142049_20210608_20210615_02_T1_SR_nir_1024_2048.png, rivers, 80.81474900245667
LC08_L2SP_142049_20210608_20210615_02_T1_SR_nir_1024_3072.png, rivers, 78.79673838615417
LC08_L2SP_142049_20210608_20210615_02_T1_SR_nir_1024_4096.png, rivers, 52.691614627838135
LC08_L2SP_142049_20210608_20210615_02_T1_SR_nir_1024_5120.png, rivers, 82.82285928726196
LC08_L2SP_142049_20210608_20210615_02_T1_SR_nir_1024_6144.png, rivers, 77.47955918312073
LC08_L2SP_142049_20210608_20210615_02_T1_SR_nir_2048_2048.png, rivers, 84.91069674491882
LC08_L2SP_142049_20210608_20210615_02_T1_SR_nir_2048_3072.png, rivers, 84.76088047027588
LC08_L2SP_142049_20210608_20210615_02_T1_SR_nir_2048_4096.png, lakes, 99.86578226089478
LC08_L2SP_142049_20210608_20210615_02_T1_SR_nir_2048_5120.png, lakes, 99.99998807907104
LC08_L2SP_142049_20210608_20210615_02_T1_SR_nir_2048_6144.png, lakes, 99.99700784683228
LC08_L2SP_142049_20210608_20210615_02_T1_SR_nir_3072_1024.png, rivers, 85.12352705001831
LC08_L2SP_142049_20210608_20210615_02_T1_SR_nir_3072_2048.png, rivers, 70.49352526664734
LC08_L2SP_142049_20210608_20210615_02_T1_SR_nir_3072_3072.png, lakes, 58.89902114868164
LC08_L2SP_142049_20210608_20210615_02_T1_SR_nir_3072_4096.png, lakes, 99.99998807907104
LC08_L2SP_142049_20210608_20210615_02_T1_SR_nir_3072_5120.png, rivers, 88.51128220558167
LC08_L2SP_142049_20210608_20210615_02_T1_SR_nir_3072_6144.png, rivers, 85.78511476516724
LC08_L2SP_142049_20210608_20210615_02_T1_SR_nir_4096_0.png, rivers, 85.10880470275879
LC08_L2SP_142049_20210608_20210615_02_T1_SR_nir_4096_1024.png, lakes, 99.99983310699463
LC08_L2SP_142049_20210608_20210615_02_T1_SR_nir_4096_2048.png, lakes, 100.0
LC08_L2SP_142049_20210608_20210615_02_T1_SR_nir_4096_3072.png, lakes, 100.0
LC08_L2SP_142049_20210608_20210615_02_T1_SR_nir_4096_4096.png, rivers, 63.18979263305664
LC08_L2SP_142049_20210608_20210615_02_T1_SR_nir_4096_5120.png, rivers, 85.03573536872864
LC08_L2SP_142049_20210608_20210615_02_T1_SR_nir_4096_6144.png, rivers, 84.08864140510559
LC08_L2SP_142049_20210608_20210615_02_T1_SR_nir_5120_0.png, lakes, 84.62377786636353
LC08_L2SP_142049_20210608_20210615_02_T1_SR_nir_5120_1024.png, lakes, 100.0
LC08_L2SP_142049_20210608_20210615_02_T1_SR_nir_5120_2048.png, lakes, 100.0
LC08_L2SP_142049_20210608_20210615_02_T1_SR_nir_5120_3072.png, lakes, 100.0
LC08_L2SP_142049_20210608_20210615_02_T1_SR_nir_5120_4096.png, rivers, 74.61654543876648
LC08_L2SP_142049_20210608_20210615_02_T1_SR_nir_6144_0.png, lakes, 81.99013471603394
LC08_L2SP_142049_20210608_20210615_02_T1_SR_nir_6144_1024.png, lakes, 99.99839067459106
LC08_L2SP_142049_20210608_20210615_02_T1_SR_nir_6144_2048.png, lakes, 100.0
LC08_L2SP_142049_20210608_20210615_02_T1_SR_nir_6144_3072.png, lakes, 100.0
LC08_L2SP_142049_20210608_20210615_02_T1_SR_nir_6144_4096.png, rivers, 87.75773048400879
LC08_L2SP_142049_20210608_20210615_02_T1_SR_nir_6144_5120.png, lakes, 64.20723795890808
LC08_L2SP_142049_20210608_20210615_02_T1_SR_nir_6144_6144.png, rivers, 84.3155562877655
LC08_L2SP_142049_20210608_20210615_02_T1_SR_swir1_0_1024.png, rivers, 84.34286117553711
LC08_L2SP_142049_20210608_20210615_02_T1_SR_swir1_0_2048.png, rivers, 83.79865288734436
LC08_L2SP_142049_20210608_20210615_02_T1_SR_swir1_0_3072.png, rivers, 84.65794920921326
LC08_L2SP_142049_20210608_20210615_02_T1_SR_swir1_0_4096.png, rivers, 65.40341377258301
LC08_L2SP_142049_20210608_20210615_02_T1_SR_swir1_0_5120.png, rivers, 86.17117404937744
LC08_L2SP_142049_20210608_20210615_02_T1_SR_swir1_1024_2048.png, rivers, 63.3145809173584
LC08_L2SP_142049_20210608_20210615_02_T1_SR_swir1_1024_3072.png, lakes, 72.27276563644409
LC08_L2SP_142049_20210608_20210615_02_T1_SR_swir1_1024_4096.png, lakes, 99.97722506523132
LC08_L2SP_142049_20210608_20210615_02_T1_SR_swir1_1024_5120.png, lakes, 95.97769379615784
LC08_L2SP_142049_20210608_20210615_02_T1_SR_swir1_2048_2048.png, rivers, 84.91038084030151
LC08_L2SP_142049_20210608_20210615_02_T1_SR_swir1_2048_3072.png, rivers, 85.01670956611633
LC08_L2SP_142049_20210608_20210615_02_T1_SR_swir1_2048_5120.png, lakes, 99.99967813491821
LC08_L2SP_142049_20210608_20210615_02_T1_SR_swir1_2048_6144.png, lakes, 99.98645782470703
LC08_L2SP_142049_20210608_20210615_02_T1_SR_swir1_3072_1024.png, rivers, 85.05525588989258
LC08_L2SP_142049_20210608_20210615_02_T1_SR_swir1_3072_2048.png, lakes, 58.180415630340576
LC08_L2SP_142049_20210608_20210615_02_T1_SR_swir1_3072_3072.png, lakes, 89.33418989181519
LC08_L2SP_142049_20210608_20210615_02_T1_SR_swir1_3072_4096.png, lakes, 99.99998807907104
LC08_L2SP_142049_20210608_20210615_02_T1_SR_swir1_3072_5120.png, rivers, 85.70743203163147
LC08_L2SP_142049_20210608_20210615_02_T1_SR_swir1_3072_6144.png, rivers, 85.97514033317566
LC08_L2SP_142049_20210608_20210615_02_T1_SR_swir1_4096_0.png, rivers, 85.16578674316406
LC08_L2SP_142049_20210608_20210615_02_T1_SR_swir1_4096_1024.png, lakes, 99.99984502792358
LC08_L2SP_142049_20210608_20210615_02_T1_SR_swir1_4096_2048.png, lakes, 100.0
LC08_L2SP_142049_20210608_20210615_02_T1_SR_swir1_4096_3072.png, lakes, 99.99945163726807
LC08_L2SP_142049_20210608_20210615_02_T1_SR_swir1_4096_4096.png, rivers, 80.62354922294617
LC08_L2SP_142049_20210608_20210615_02_T1_SR_swir1_4096_6144.png, rivers, 85.00125408172607
LC08_L2SP_142049_20210608_20210615_02_T1_SR_swir1_5120_0.png, lakes, 85.15603542327881
LC08_L2SP_142049_20210608_20210615_02_T1_SR_swir1_5120_1024.png, lakes, 100.0
LC08_L2SP_142049_20210608_20210615_02_T1_SR_swir1_5120_2048.png, lakes, 79.84671592712402
LC08_L2SP_142049_20210608_20210615_02_T1_SR_swir1_5120_3072.png, rivers, 87.29649186134338
LC08_L2SP_142049_20210608_20210615_02_T1_SR_swir1_6144_0.png, lakes, 82.48283863067627
LC08_L2SP_142049_20210608_20210615_02_T1_SR_swir1_6144_1024.png, rivers, 54.350513219833374
LC08_L2SP_142049_20210608_20210615_02_T1_SR_swir1_6144_3072.png, rivers, 85.25616526603699
LC08_L2SP_142049_20210608_20210615_02_T1_SR_swir1_6144_4096.png, rivers, 83.75820517539978
LC08_L2SP_142049_20210608_20210615_02_T1_SR_swir1_6144_5120.png, rivers, 81.06266856193542
LC08_L2SP_142049_20210608_20210615_02_T1_SR_swir1_6144_6144.png, rivers, 84.87945199012756
LC08_L2SP_142049_20210608_20210615_02_T1_SR_swir2_0_1024.png, rivers, 82.29734897613525
LC08_L2SP_142049_20210608_20210615_02_T1_SR_swir2_0_2048.png, rivers, 81.01707100868225
LC08_L2SP_142049_20210608_20210615_02_T1_SR_swir2_0_3072.png, rivers, 84.64919924736023
LC08_L2SP_142049_20210608_20210615_02_T1_SR_swir2_0_4096.png, lakes, 81.86792731285095
LC08_L2SP_142049_20210608_20210615_02_T1_SR_swir2_0_5120.png, rivers, 85.56091785430908
LC08_L2SP_142049_20210608_20210615_02_T1_SR_swir2_1024_1024.png, rivers, 78.864187002182
LC08_L2SP_142049_20210608_20210615_02_T1_SR_swir2_1024_2048.png, rivers, 55.60925602912903
LC08_L2SP_142049_20210608_20210615_02_T1_SR_swir2_1024_3072.png, lakes, 99.92502331733704
LC08_L2SP_142049_20210608_20210615_02_T1_SR_swir2_1024_4096.png, lakes, 100.0
LC08_L2SP_142049_20210608_20210615_02_T1_SR_swir2_1024_5120.png, lakes, 99.99995231628418
LC08_L2SP_142049_20210608_20210615_02_T1_SR_swir2_1024_6144.png, lakes, 96.43522500991821
LC08_L2SP_142049_20210608_20210615_02_T1_SR_swir2_2048_2048.png, rivers, 84.94091033935547
LC08_L2SP_142049_20210608_20210615_02_T1_SR_swir2_2048_3072.png, rivers, 85.5637788772583
LC08_L2SP_142049_20210608_20210615_02_T1_SR_swir2_2048_4096.png, lakes, 99.99285936355591
LC08_L2SP_142049_20210608_20210615_02_T1_SR_swir2_2048_5120.png, lakes, 99.99969005584717
LC08_L2SP_142049_20210608_20210615_02_T1_SR_swir2_2048_6144.png, lakes, 99.99865293502808
LC08_L2SP_142049_20210608_20210615_02_T1_SR_swir2_3072_1024.png, rivers, 84.83526706695557
LC08_L2SP_142049_20210608_20210615_02_T1_SR_swir2_3072_2048.png, lakes, 87.51031756401062
LC08_L2SP_142049_20210608_20210615_02_T1_SR_swir2_3072_3072.png, lakes, 98.19677472114563
LC08_L2SP_142049_20210608_20210615_02_T1_SR_swir2_3072_4096.png, lakes, 100.0
LC08_L2SP_142049_20210608_20210615_02_T1_SR_swir2_3072_5120.png, rivers, 86.90066337585449
LC08_L2SP_142049_20210608_20210615_02_T1_SR_swir2_3072_6144.png, rivers, 84.63844656944275
LC08_L2SP_142049_20210608_20210615_02_T1_SR_swir2_4096_0.png, rivers, 85.52209138870239
LC08_L2SP_142049_20210608_20210615_02_T1_SR_swir2_4096_1024.png, lakes, 99.9998927116394
LC08_L2SP_142049_20210608_20210615_02_T1_SR_swir2_4096_2048.png, lakes, 100.0
LC08_L2SP_142049_20210608_20210615_02_T1_SR_swir2_4096_3072.png, lakes, 99.99991655349731
LC08_L2SP_142049_20210608_20210615_02_T1_SR_swir2_4096_4096.png, rivers, 75.90137124061584
LC08_L2SP_142049_20210608_20210615_02_T1_SR_swir2_4096_6144.png, rivers, 83.38568210601807
LC08_L2SP_142049_20210608_20210615_02_T1_SR_swir2_5120_0.png, lakes, 90.1890218257904
LC08_L2SP_142049_20210608_20210615_02_T1_SR_swir2_5120_1024.png, lakes, 100.0
LC08_L2SP_142049_20210608_20210615_02_T1_SR_swir2_5120_2048.png, lakes, 95.59406638145447
LC08_L2SP_142049_20210608_20210615_02_T1_SR_swir2_5120_3072.png, rivers, 86.24658584594727
LC08_L2SP_142049_20210608_20210615_02_T1_SR_swir2_6144_0.png, lakes, 84.38418507575989
LC08_L2SP_142049_20210608_20210615_02_T1_SR_swir2_6144_1024.png, lakes, 66.17196202278137
LC08_L2SP_142049_20210608_20210615_02_T1_SR_swir2_6144_2048.png, rivers, 82.43278861045837
LC08_L2SP_142049_20210608_20210615_02_T1_SR_swir2_6144_3072.png, rivers, 85.23222208023071
LC08_L2SP_142049_20210608_20210615_02_T1_SR_swir2_6144_4096.png, rivers, 83.73538851737976
LC08_L2SP_142049_20210608_20210615_02_T1_SR_swir2_6144_5120.png, rivers, 76.40861868858337
LC08_L2SP_142049_20210608_20210615_02_T1_SR_swir2_6144_6144.png, rivers, 84.79226231575012
LC08_L2SP_141047_20201207_20210313_02_T1_SR_nir_0_2048.png, rivers, 83.62433314323425
LC08_L2SP_141047_20201207_20210313_02_T1_SR_nir_1024_2048.png, lakes, 59.960466623306274
LC08_L2SP_141047_20201207_20210313_02_T1_SR_nir_1024_4096.png, rivers, 84.82438921928406
LC08_L2SP_141047_20201207_20210313_02_T1_SR_nir_1024_5120.png, rivers, 83.96106362342834
LC08_L2SP_141047_20201207_20210313_02_T1_SR_nir_1024_6144.png, rivers, 87.07165122032166
LC08_L2SP_141047_20201207_20210313_02_T1_SR_nir_2048_0.png, rivers, 84.96421575546265
LC08_L2SP_141047_20201207_20210313_02_T1_SR_nir_2048_1024.png, rivers, 84.69934463500977
LC08_L2SP_141047_20201207_20210313_02_T1_SR_nir_2048_2048.png, lakes, 63.027822971343994
LC08_L2SP_141047_20201207_20210313_02_T1_SR_nir_2048_3072.png, rivers, 85.15418767929077
LC08_L2SP_141047_20201207_20210313_02_T1_SR_nir_2048_4096.png, rivers, 84.49533581733704
LC08_L2SP_141047_20201207_20210313_02_T1_SR_nir_2048_5120.png, rivers, 82.51724243164062
LC08_L2SP_141047_20201207_20210313_02_T1_SR_nir_3072_0.png, rivers, 85.0705623626709
LC08_L2SP_141047_20201207_20210313_02_T1_SR_nir_3072_1024.png, rivers, 81.454998254776
LC08_L2SP_141047_20201207_20210313_02_T1_SR_nir_3072_2048.png, rivers, 86.85619831085205
LC08_L2SP_141047_20201207_20210313_02_T1_SR_nir_3072_4096.png, rivers, 72.4869430065155
LC08_L2SP_141047_20201207_20210313_02_T1_SR_nir_3072_5120.png, rivers, 82.58028030395508
LC08_L2SP_141047_20201207_20210313_02_T1_SR_nir_3072_6144.png, rivers, 83.37485194206238
LC08_L2SP_141047_20201207_20210313_02_T1_SR_nir_4096_0.png, rivers, 85.25485396385193
LC08_L2SP_141047_20201207_20210313_02_T1_SR_nir_4096_1024.png, rivers, 67.40173101425171
LC08_L2SP_141047_20201207_20210313_02_T1_SR_nir_4096_2048.png, rivers, 85.82277297973633
LC08_L2SP_141047_20201207_20210313_02_T1_SR_nir_4096_3072.png, rivers, 80.41108250617981
LC08_L2SP_141047_20201207_20210313_02_T1_SR_nir_4096_4096.png, rivers, 80.96434473991394
LC08_L2SP_141047_20201207_20210313_02_T1_SR_nir_4096_5120.png, rivers, 77.01955437660217
LC08_L2SP_141047_20201207_20210313_02_T1_SR_nir_4096_6144.png, rivers, 82.86879658699036
LC08_L2SP_141047_20201207_20210313_02_T1_SR_nir_5120_0.png, lakes, 84.23365950584412
LC08_L2SP_141047_20201207_20210313_02_T1_SR_nir_5120_1024.png, lakes, 60.13699173927307
LC08_L2SP_141047_20201207_20210313_02_T1_SR_nir_5120_2048.png, rivers, 85.019052028656
LC08_L2SP_141047_20201207_20210313_02_T1_SR_nir_5120_3072.png, rivers, 79.4483482837677
LC08_L2SP_141047_20201207_20210313_02_T1_SR_nir_5120_4096.png, rivers, 84.49947834014893
LC08_L2SP_141047_20201207_20210313_02_T1_SR_nir_5120_5120.png, rivers, 85.23088693618774
LC08_L2SP_141047_20201207_20210313_02_T1_SR_nir_5120_6144.png, rivers, 81.5322756767273
LC08_L2SP_141047_20201207_20210313_02_T1_SR_nir_6144_0.png, rivers, 83.03740620613098
LC08_L2SP_141047_20201207_20210313_02_T1_SR_nir_6144_2048.png, rivers, 82.30043649673462
LC08_L2SP_141047_20201207_20210313_02_T1_SR_nir_6144_3072.png, rivers, 83.07490348815918
LC08_L2SP_141047_20201207_20210313_02_T1_SR_nir_6144_4096.png, rivers, 69.3126916885376
LC08_L2SP_141047_20201207_20210313_02_T1_SR_nir_6144_5120.png, lakes, 100.0
LC08_L2SP_141047_20201207_20210313_02_T1_SR_nir_6144_6144.png, lakes, 71.1421549320221
LC08_L2SP_141047_20201207_20210313_02_T1_SR_swir1_0_1024.png, rivers, 84.13611650466919
LC08_L2SP_141047_20201207_20210313_02_T1_SR_swir1_0_2048.png, rivers, 83.04221630096436
LC08_L2SP_141047_20201207_20210313_02_T1_SR_swir1_1024_2048.png, lakes, 60.568732023239136
LC08_L2SP_141047_20201207_20210313_02_T1_SR_swir1_1024_4096.png, rivers, 84.83264446258545
LC08_L2SP_141047_20201207_20210313_02_T1_SR_swir1_1024_5120.png, rivers, 83.05394649505615
LC08_L2SP_141047_20201207_20210313_02_T1_SR_swir1_1024_6144.png, rivers, 87.08586096763611
LC08_L2SP_141047_20201207_20210313_02_T1_SR_swir1_2048_0.png, rivers, 85.16466617584229
LC08_L2SP_141047_20201207_20210313_02_T1_SR_swir1_2048_1024.png, rivers, 84.68635082244873
LC08_L2SP_141047_20201207_20210313_02_T1_SR_swir1_2048_2048.png, lakes, 63.25036883354187
LC08_L2SP_141047_20201207_20210313_02_T1_SR_swir1_2048_3072.png, rivers, 85.07814407348633
LC08_L2SP_141047_20201207_20210313_02_T1_SR_swir1_2048_4096.png, rivers, 84.27745699882507
LC08_L2SP_141047_20201207_20210313_02_T1_SR_swir1_2048_5120.png, rivers, 81.8754494190216
LC08_L2SP_141047_20201207_20210313_02_T1_SR_swir1_3072_0.png, rivers, 85.10749936103821
LC08_L2SP_141047_20201207_20210313_02_T1_SR_swir1_3072_1024.png, rivers, 81.2947154045105
LC08_L2SP_141047_20201207_20210313_02_T1_SR_swir1_3072_2048.png, rivers, 86.85151934623718
LC08_L2SP_141047_20201207_20210313_02_T1_SR_swir1_3072_4096.png, rivers, 70.72522640228271
LC08_L2SP_141047_20201207_20210313_02_T1_SR_swir1_3072_5120.png, rivers, 82.28044509887695
LC08_L2SP_141047_20201207_20210313_02_T1_SR_swir1_3072_6144.png, rivers, 82.79424905776978
LC08_L2SP_141047_20201207_20210313_02_T1_SR_swir1_4096_0.png, rivers, 85.29449701309204
LC08_L2SP_141047_20201207_20210313_02_T1_SR_swir1_4096_1024.png, rivers, 67.02680587768555
LC08_L2SP_141047_20201207_20210313_02_T1_SR_swir1_4096_2048.png, rivers, 85.84267497062683
LC08_L2SP_141047_20201207_20210313_02_T1_SR_swir1_4096_3072.png, rivers, 79.46001887321472
LC08_L2SP_141047_20201207_20210313_02_T1_SR_swir1_4096_4096.png, rivers, 81.00267052650452
LC08_L2SP_141047_20201207_20210313_02_T1_SR_swir1_4096_5120.png, rivers, 74.39601421356201
LC08_L2SP_141047_20201207_20210313_02_T1_SR_swir1_4096_6144.png, rivers, 82.78729319572449
LC08_L2SP_141047_20201207_20210313_02_T1_SR_swir1_5120_0.png, lakes, 84.74803566932678
LC08_L2SP_141047_20201207_20210313_02_T1_SR_swir1_5120_1024.png, lakes, 62.05750107765198
LC08_L2SP_141047_20201207_20210313_02_T1_SR_swir1_5120_2048.png, rivers, 84.99826788902283
LC08_L2SP_141047_20201207_20210313_02_T1_SR_swir1_5120_3072.png, rivers, 78.92202734947205
LC08_L2SP_141047_20201207_20210313_02_T1_SR_swir1_5120_4096.png, rivers, 84.6363365650177
LC08_L2SP_141047_20201207_20210313_02_T1_SR_swir1_5120_5120.png, rivers, 85.23455858230591
LC08_L2SP_141047_20201207_20210313_02_T1_SR_swir1_5120_6144.png, rivers, 81.28862380981445
LC08_L2SP_141047_20201207_20210313_02_T1_SR_swir1_6144_0.png, rivers, 82.89574384689331
LC08_L2SP_141047_20201207_20210313_02_T1_SR_swir1_6144_2048.png, rivers, 81.20154142379761
LC08_L2SP_141047_20201207_20210313_02_T1_SR_swir1_6144_3072.png, rivers, 83.81115198135376
LC08_L2SP_141047_20201207_20210313_02_T1_SR_swir1_6144_4096.png, rivers, 69.14633512496948
LC08_L2SP_141047_20201207_20210313_02_T1_SR_swir1_6144_5120.png, lakes, 100.0
LC08_L2SP_141047_20201207_20210313_02_T1_SR_swir1_6144_6144.png, lakes, 83.85850787162781
LC08_L2SP_141047_20201207_20210313_02_T1_SR_swir2_0_1024.png, rivers, 84.15330648422241
LC08_L2SP_141047_20201207_20210313_02_T1_SR_swir2_0_2048.png, rivers, 82.54803419113159
LC08_L2SP_141047_20201207_20210313_02_T1_SR_swir2_1024_2048.png, lakes, 63.35018873214722
LC08_L2SP_141047_20201207_20210313_02_T1_SR_swir2_1024_4096.png, rivers, 84.78625416755676
LC08_L2SP_141047_20201207_20210313_02_T1_SR_swir2_1024_5120.png, rivers, 82.11573958396912
LC08_L2SP_141047_20201207_20210313_02_T1_SR_swir2_1024_6144.png, rivers, 87.04809546470642
LC08_L2SP_141047_20201207_20210313_02_T1_SR_swir2_2048_0.png, rivers, 85.2348268032074
LC08_L2SP_141047_20201207_20210313_02_T1_SR_swir2_2048_1024.png, rivers, 84.65266823768616
LC08_L2SP_141047_20201207_20210313_02_T1_SR_swir2_2048_2048.png, lakes, 64.31088447570801
LC08_L2SP_141047_20201207_20210313_02_T1_SR_swir2_2048_4096.png, rivers, 84.03675556182861
LC08_L2SP_141047_20201207_20210313_02_T1_SR_swir2_2048_5120.png, rivers, 81.41264915466309
LC08_L2SP_141047_20201207_20210313_02_T1_SR_swir2_3072_0.png, rivers, 85.10536551475525
LC08_L2SP_141047_20201207_20210313_02_T1_SR_swir2_3072_2048.png, rivers, 86.60846948623657
LC08_L2SP_141047_20201207_20210313_02_T1_SR_swir2_3072_4096.png, rivers, 68.45123767852783
LC08_L2SP_141047_20201207_20210313_02_T1_SR_swir2_3072_5120.png, rivers, 82.42629170417786
LC08_L2SP_141047_20201207_20210313_02_T1_SR_swir2_3072_6144.png, rivers, 81.39607906341553
LC08_L2SP_141047_20201207_20210313_02_T1_SR_swir2_4096_0.png, rivers, 85.31709313392639
LC08_L2SP_141047_20201207_20210313_02_T1_SR_swir2_4096_1024.png, rivers, 65.53967595100403
LC08_L2SP_141047_20201207_20210313_02_T1_SR_swir2_4096_2048.png, rivers, 85.78631281852722
LC08_L2SP_141047_20201207_20210313_02_T1_SR_swir2_4096_3072.png, rivers, 78.18366885185242
LC08_L2SP_141047_20201207_20210313_02_T1_SR_swir2_4096_4096.png, rivers, 76.13726258277893
LC08_L2SP_141047_20201207_20210313_02_T1_SR_swir2_4096_5120.png, rivers, 71.49193286895752
LC08_L2SP_141047_20201207_20210313_02_T1_SR_swir2_4096_6144.png, rivers, 81.98315501213074
LC08_L2SP_141047_20201207_20210313_02_T1_SR_swir2_5120_0.png, lakes, 86.20721101760864
LC08_L2SP_141047_20201207_20210313_02_T1_SR_swir2_5120_1024.png, lakes, 65.95602631568909
LC08_L2SP_141047_20201207_20210313_02_T1_SR_swir2_5120_2048.png, rivers, 84.98348593711853
LC08_L2SP_141047_20201207_20210313_02_T1_SR_swir2_5120_3072.png, rivers, 78.59037518501282
LC08_L2SP_141047_20201207_20210313_02_T1_SR_swir2_5120_4096.png, rivers, 81.26229047775269
LC08_L2SP_141047_20201207_20210313_02_T1_SR_swir2_5120_5120.png, rivers, 85.86164712905884
LC08_L2SP_141047_20201207_20210313_02_T1_SR_swir2_5120_6144.png, rivers, 80.6462824344635
LC08_L2SP_141047_20201207_20210313_02_T1_SR_swir2_6144_0.png, rivers, 82.69582390785217
LC08_L2SP_141047_20201207_20210313_02_T1_SR_swir2_6144_2048.png, rivers, 79.19254302978516
LC08_L2SP_141047_20201207_20210313_02_T1_SR_swir2_6144_3072.png, rivers, 83.3406925201416
LC08_L2SP_141047_20201207_20210313_02_T1_SR_swir2_6144_4096.png, rivers, 60.33870577812195
LC08_L2SP_141047_20201207_20210313_02_T1_SR_swir2_6144_5120.png, lakes, 100.0
LC08_L2SP_141047_20201207_20210313_02_T1_SR_swir2_6144_6144.png, lakes, 84.7230613231659
LC08_L2SP_143043_20211224_20211230_02_T1_SR_nir_0_2048.png, rivers, 73.66662621498108
LC08_L2SP_143043_20211224_20211230_02_T1_SR_nir_0_3072.png, rivers, 85.90182065963745
LC08_L2SP_143043_20211224_20211230_02_T1_SR_nir_0_4096.png, rivers, 86.02542281150818
LC08_L2SP_143043_20211224_20211230_02_T1_SR_nir_0_5120.png, rivers, 84.17081236839294
LC08_L2SP_143043_20211224_20211230_02_T1_SR_nir_1024_1024.png, rivers, 83.95833373069763
LC08_L2SP_143043_20211224_20211230_02_T1_SR_nir_1024_2048.png, rivers, 81.38235807418823
LC08_L2SP_143043_20211224_20211230_02_T1_SR_nir_1024_3072.png, rivers, 82.91521668434143
LC08_L2SP_143043_20211224_20211230_02_T1_SR_nir_1024_4096.png, rivers, 85.15135049819946
LC08_L2SP_143043_20211224_20211230_02_T1_SR_nir_1024_5120.png, rivers, 77.07300186157227
LC08_L2SP_143043_20211224_20211230_02_T1_SR_nir_1024_6144.png, rivers, 67.47736930847168
LC08_L2SP_143043_20211224_20211230_02_T1_SR_nir_2048_1024.png, rivers, 84.0466320514679
LC08_L2SP_143043_20211224_20211230_02_T1_SR_nir_2048_2048.png, rivers, 82.75510668754578
LC08_L2SP_143043_20211224_20211230_02_T1_SR_nir_2048_3072.png, rivers, 84.50733423233032
LC08_L2SP_143043_20211224_20211230_02_T1_SR_nir_2048_4096.png, rivers, 83.87234807014465
LC08_L2SP_143043_20211224_20211230_02_T1_SR_nir_2048_5120.png, rivers, 84.93150472640991
LC08_L2SP_143043_20211224_20211230_02_T1_SR_nir_2048_6144.png, rivers, 78.82381677627563
LC08_L2SP_143043_20211224_20211230_02_T1_SR_nir_3072_1024.png, rivers, 83.96052122116089
LC08_L2SP_143043_20211224_20211230_02_T1_SR_nir_3072_2048.png, rivers, 79.99116778373718
LC08_L2SP_143043_20211224_20211230_02_T1_SR_nir_3072_4096.png, rivers, 84.8034143447876
LC08_L2SP_143043_20211224_20211230_02_T1_SR_nir_3072_5120.png, rivers, 81.63143396377563
LC08_L2SP_143043_20211224_20211230_02_T1_SR_nir_3072_6144.png, rivers, 81.76394701004028
LC08_L2SP_143043_20211224_20211230_02_T1_SR_nir_4096_1024.png, rivers, 85.13886332511902
LC08_L2SP_143043_20211224_20211230_02_T1_SR_nir_4096_2048.png, rivers, 86.23335361480713
LC08_L2SP_143043_20211224_20211230_02_T1_SR_nir_4096_3072.png, rivers, 86.57158017158508
LC08_L2SP_143043_20211224_20211230_02_T1_SR_nir_4096_4096.png, rivers, 86.32723093032837
LC08_L2SP_143043_20211224_20211230_02_T1_SR_nir_4096_5120.png, rivers, 83.07856321334839
LC08_L2SP_143043_20211224_20211230_02_T1_SR_nir_4096_6144.png, rivers, 84.8188579082489
LC08_L2SP_143043_20211224_20211230_02_T1_SR_nir_5120_0.png, rivers, 84.93450284004211
LC08_L2SP_143043_20211224_20211230_02_T1_SR_nir_5120_1024.png, lakes, 87.95540928840637
LC08_L2SP_143043_20211224_20211230_02_T1_SR_nir_5120_2048.png, lakes, 99.96849298477173
LC08_L2SP_143043_20211224_20211230_02_T1_SR_nir_5120_3072.png, rivers, 85.78837513923645
LC08_L2SP_143043_20211224_20211230_02_T1_SR_nir_5120_4096.png, rivers, 85.94378232955933
LC08_L2SP_143043_20211224_20211230_02_T1_SR_nir_5120_5120.png, rivers, 82.65060186386108
LC08_L2SP_143043_20211224_20211230_02_T1_SR_nir_6144_0.png, rivers, 84.9945604801178
LC08_L2SP_143043_20211224_20211230_02_T1_SR_nir_6144_1024.png, rivers, 85.13392210006714
LC08_L2SP_143043_20211224_20211230_02_T1_SR_nir_6144_2048.png, rivers, 84.79488492012024
LC08_L2SP_143043_20211224_20211230_02_T1_SR_nir_6144_3072.png, rivers, 84.71155166625977
LC08_L2SP_143043_20211224_20211230_02_T1_SR_nir_6144_4096.png, rivers, 85.10780334472656
LC08_L2SP_143043_20211224_20211230_02_T1_SR_nir_6144_5120.png, rivers, 85.09787321090698
LC08_L2SP_143043_20211224_20211230_02_T1_SR_nir_6144_6144.png, rivers, 84.99717116355896
LC08_L2SP_143043_20211224_20211230_02_T1_SR_swir1_0_2048.png, rivers, 72.78274893760681
LC08_L2SP_143043_20211224_20211230_02_T1_SR_swir1_0_3072.png, rivers, 85.99829077720642
LC08_L2SP_143043_20211224_20211230_02_T1_SR_swir1_0_4096.png, rivers, 85.57168841362
LC08_L2SP_143043_20211224_20211230_02_T1_SR_swir1_0_5120.png, rivers, 83.94402861595154
LC08_L2SP_143043_20211224_20211230_02_T1_SR_swir1_1024_1024.png, rivers, 83.64503979682922
LC08_L2SP_143043_20211224_20211230_02_T1_SR_swir1_1024_2048.png, rivers, 80.12616634368896
LC08_L2SP_143043_20211224_20211230_02_T1_SR_swir1_1024_3072.png, rivers, 82.64374732971191
LC08_L2SP_143043_20211224_20211230_02_T1_SR_swir1_1024_4096.png, rivers, 85.2319598197937
LC08_L2SP_143043_20211224_20211230_02_T1_SR_swir1_1024_5120.png, rivers, 76.1124849319458
LC08_L2SP_143043_20211224_20211230_02_T1_SR_swir1_1024_6144.png, rivers, 66.50513410568237
LC08_L2SP_143043_20211224_20211230_02_T1_SR_swir1_2048_1024.png, rivers, 83.98599624633789
LC08_L2SP_143043_20211224_20211230_02_T1_SR_swir1_2048_2048.png, rivers, 82.79502391815186
LC08_L2SP_143043_20211224_20211230_02_T1_SR_swir1_2048_3072.png, rivers, 83.69967341423035
LC08_L2SP_143043_20211224_20211230_02_T1_SR_swir1_2048_4096.png, rivers, 83.11234712600708
LC08_L2SP_143043_20211224_20211230_02_T1_SR_swir1_2048_5120.png, rivers, 84.07379984855652
LC08_L2SP_143043_20211224_20211230_02_T1_SR_swir1_2048_6144.png, rivers, 77.56788730621338
LC08_L2SP_143043_20211224_20211230_02_T1_SR_swir1_3072_1024.png, rivers, 84.34070944786072
LC08_L2SP_143043_20211224_20211230_02_T1_SR_swir1_3072_2048.png, rivers, 78.22116017341614
LC08_L2SP_143043_20211224_20211230_02_T1_SR_swir1_3072_3072.png, rivers, 85.16146540641785
LC08_L2SP_143043_20211224_20211230_02_T1_SR_swir1_3072_4096.png, rivers, 84.94099378585815
LC08_L2SP_143043_20211224_20211230_02_T1_SR_swir1_3072_5120.png, rivers, 82.63939619064331
LC08_L2SP_143043_20211224_20211230_02_T1_SR_swir1_3072_6144.png, rivers, 80.93329071998596
LC08_L2SP_143043_20211224_20211230_02_T1_SR_swir1_4096_1024.png, rivers, 85.16767621040344
LC08_L2SP_143043_20211224_20211230_02_T1_SR_swir1_4096_2048.png, rivers, 86.39488220214844
LC08_L2SP_143043_20211224_20211230_02_T1_SR_swir1_4096_3072.png, rivers, 86.37024164199829
LC08_L2SP_143043_20211224_20211230_02_T1_SR_swir1_4096_4096.png, rivers, 85.92993021011353
LC08_L2SP_143043_20211224_20211230_02_T1_SR_swir1_4096_5120.png, rivers, 82.21178650856018
LC08_L2SP_143043_20211224_20211230_02_T1_SR_swir1_4096_6144.png, rivers, 84.69430804252625
LC08_L2SP_143043_20211224_20211230_02_T1_SR_swir1_5120_0.png, rivers, 85.2323055267334
LC08_L2SP_143043_20211224_20211230_02_T1_SR_swir1_5120_1024.png, lakes, 88.75247836112976
LC08_L2SP_143043_20211224_20211230_02_T1_SR_swir1_5120_2048.png, lakes, 99.97267127037048
LC08_L2SP_143043_20211224_20211230_02_T1_SR_swir1_5120_3072.png, rivers, 85.56503057479858
LC08_L2SP_143043_20211224_20211230_02_T1_SR_swir1_5120_4096.png, rivers, 85.93055605888367
LC08_L2SP_143043_20211224_20211230_02_T1_SR_swir1_5120_5120.png, rivers, 81.33232593536377
LC08_L2SP_143043_20211224_20211230_02_T1_SR_swir1_5120_6144.png, rivers, 85.12172102928162
LC08_L2SP_143043_20211224_20211230_02_T1_SR_swir1_6144_0.png, rivers, 85.12959480285645
LC08_L2SP_143043_20211224_20211230_02_T1_SR_swir1_6144_1024.png, rivers, 85.14971137046814
LC08_L2SP_143043_20211224_20211230_02_T1_SR_swir1_6144_2048.png, rivers, 84.55883264541626
LC08_L2SP_143043_20211224_20211230_02_T1_SR_swir1_6144_3072.png, rivers, 84.59542989730835
LC08_L2SP_143043_20211224_20211230_02_T1_SR_swir1_6144_4096.png, rivers, 85.10417342185974
LC08_L2SP_143043_20211224_20211230_02_T1_SR_swir1_6144_5120.png, rivers, 85.07847785949707
LC08_L2SP_143043_20211224_20211230_02_T1_SR_swir1_6144_6144.png, rivers, 84.89693999290466
LC08_L2SP_143043_20211224_20211230_02_T1_SR_swir2_0_2048.png, rivers, 68.24872493743896
LC08_L2SP_143043_20211224_20211230_02_T1_SR_swir2_0_3072.png, rivers, 86.14339828491211
LC08_L2SP_143043_20211224_20211230_02_T1_SR_swir2_0_4096.png, rivers, 85.46475172042847
LC08_L2SP_143043_20211224_20211230_02_T1_SR_swir2_0_5120.png, rivers, 83.95835161209106
LC08_L2SP_143043_20211224_20211230_02_T1_SR_swir2_1024_1024.png, rivers, 83.15828442573547
LC08_L2SP_143043_20211224_20211230_02_T1_SR_swir2_1024_3072.png, rivers, 82.64561891555786
LC08_L2SP_143043_20211224_20211230_02_T1_SR_swir2_1024_4096.png, rivers, 85.38346886634827
LC08_L2SP_143043_20211224_20211230_02_T1_SR_swir2_1024_5120.png, rivers, 74.04912114143372
LC08_L2SP_143043_20211224_20211230_02_T1_SR_swir2_1024_6144.png, lakes, 67.57214665412903
LC08_L2SP_143043_20211224_20211230_02_T1_SR_swir2_2048_1024.png, rivers, 83.96112322807312
LC08_L2SP_143043_20211224_20211230_02_T1_SR_swir2_2048_2048.png, rivers, 82.77856707572937
LC08_L2SP_143043_20211224_20211230_02_T1_SR_swir2_2048_3072.png, rivers, 82.9170286655426
LC08_L2SP_143043_20211224_20211230_02_T1_SR_swir2_2048_4096.png, rivers, 82.66983032226562
LC08_L2SP_143043_20211224_20211230_02_T1_SR_swir2_2048_5120.png, rivers, 82.94406533241272
LC08_L2SP_143043_20211224_20211230_02_T1_SR_swir2_2048_6144.png, rivers, 75.48484206199646
LC08_L2SP_143043_20211224_20211230_02_T1_SR_swir2_3072_1024.png, rivers, 84.42662954330444
LC08_L2SP_143043_20211224_20211230_02_T1_SR_swir2_3072_2048.png, rivers, 74.81385469436646
LC08_L2SP_143043_20211224_20211230_02_T1_SR_swir2_3072_3072.png, rivers, 84.76452231407166
LC08_L2SP_143043_20211224_20211230_02_T1_SR_swir2_3072_4096.png, rivers, 84.95510220527649
LC08_L2SP_143043_20211224_20211230_02_T1_SR_swir2_3072_5120.png, rivers, 82.71289467811584
LC08_L2SP_143043_20211224_20211230_02_T1_SR_swir2_3072_6144.png, rivers, 80.63851594924927
LC08_L2SP_143043_20211224_20211230_02_T1_SR_swir2_4096_1024.png, rivers, 85.15192866325378
LC08_L2SP_143043_20211224_20211230_02_T1_SR_swir2_4096_2048.png, rivers, 86.62514090538025
LC08_L2SP_143043_20211224_20211230_02_T1_SR_swir2_4096_3072.png, rivers, 86.04809641838074
LC08_L2SP_143043_20211224_20211230_02_T1_SR_swir2_4096_4096.png, rivers, 84.07450914382935
LC08_L2SP_143043_20211224_20211230_02_T1_SR_swir2_4096_5120.png, rivers, 80.60011863708496
LC08_L2SP_143043_20211224_20211230_02_T1_SR_swir2_4096_6144.png, rivers, 84.56339836120605
LC08_L2SP_143043_20211224_20211230_02_T1_SR_swir2_5120_0.png, rivers, 85.26949286460876
LC08_L2SP_143043_20211224_20211230_02_T1_SR_swir2_5120_1024.png, lakes, 90.8109724521637
LC08_L2SP_143043_20211224_20211230_02_T1_SR_swir2_5120_2048.png, lakes, 99.97568726539612
LC08_L2SP_143043_20211224_20211230_02_T1_SR_swir2_5120_3072.png, rivers, 85.13298630714417
LC08_L2SP_143043_20211224_20211230_02_T1_SR_swir2_5120_4096.png, rivers, 86.02129220962524
LC08_L2SP_143043_20211224_20211230_02_T1_SR_swir2_5120_5120.png, rivers, 80.51947355270386
LC08_L2SP_143043_20211224_20211230_02_T1_SR_swir2_5120_6144.png, rivers, 85.0905179977417
LC08_L2SP_143043_20211224_20211230_02_T1_SR_swir2_6144_0.png, rivers, 85.25206446647644
LC08_L2SP_143043_20211224_20211230_02_T1_SR_swir2_6144_1024.png, rivers, 85.15105247497559
LC08_L2SP_143043_20211224_20211230_02_T1_SR_swir2_6144_2048.png, rivers, 83.77091884613037
LC08_L2SP_143043_20211224_20211230_02_T1_SR_swir2_6144_3072.png, rivers, 84.55594182014465
LC08_L2SP_143043_20211224_20211230_02_T1_SR_swir2_6144_4096.png, rivers, 84.20917987823486
LC08_L2SP_143043_20211224_20211230_02_T1_SR_swir2_6144_5120.png, rivers, 85.09712219238281
LC08_L2SP_143043_20211224_20211230_02_T1_SR_swir2_6144_6144.png, rivers, 84.72595810890198
LC08_L2SP_144049_20211028_20211104_02_T1_SR_nir_0_1024.png, rivers, 84.90530252456665
LC08_L2SP_144049_20211028_20211104_02_T1_SR_nir_0_2048.png, rivers, 85.07542610168457
LC08_L2SP_144049_20211028_20211104_02_T1_SR_nir_0_3072.png, rivers, 84.31665301322937
LC08_L2SP_144049_20211028_20211104_02_T1_SR_nir_0_4096.png, rivers, 84.92729067802429
LC08_L2SP_144049_20211028_20211104_02_T1_SR_nir_1024_1024.png, rivers, 84.60537195205688
LC08_L2SP_144049_20211028_20211104_02_T1_SR_nir_1024_2048.png, rivers, 61.869877576828
LC08_L2SP_144049_20211028_20211104_02_T1_SR_nir_1024_3072.png, rivers, 84.0980052947998
LC08_L2SP_144049_20211028_20211104_02_T1_SR_nir_1024_4096.png, rivers, 80.57968616485596
LC08_L2SP_144049_20211028_20211104_02_T1_SR_nir_1024_5120.png, rivers, 82.01082348823547
LC08_L2SP_144049_20211028_20211104_02_T1_SR_nir_1024_6144.png, rivers, 80.99019527435303
LC08_L2SP_144049_20211028_20211104_02_T1_SR_nir_2048_1024.png, rivers, 83.18010568618774
LC08_L2SP_144049_20211028_20211104_02_T1_SR_nir_2048_2048.png, rivers, 72.39226698875427
LC08_L2SP_144049_20211028_20211104_02_T1_SR_nir_2048_4096.png, rivers, 82.68349170684814
LC08_L2SP_144049_20211028_20211104_02_T1_SR_nir_2048_5120.png, rivers, 84.12798047065735
LC08_L2SP_144049_20211028_20211104_02_T1_SR_nir_2048_6144.png, rivers, 86.11814379692078
LC08_L2SP_144049_20211028_20211104_02_T1_SR_nir_3072_0.png, rivers, 82.32282996177673
LC08_L2SP_144049_20211028_20211104_02_T1_SR_nir_3072_1024.png, rivers, 65.1341438293457
LC08_L2SP_144049_20211028_20211104_02_T1_SR_nir_3072_2048.png, rivers, 67.27510690689087
LC08_L2SP_144049_20211028_20211104_02_T1_SR_nir_3072_3072.png, rivers, 77.26563811302185
LC08_L2SP_144049_20211028_20211104_02_T1_SR_nir_3072_4096.png, lakes, 87.81105875968933
LC08_L2SP_144049_20211028_20211104_02_T1_SR_nir_3072_5120.png, lakes, 51.97698473930359
LC08_L2SP_144049_20211028_20211104_02_T1_SR_nir_3072_6144.png, rivers, 81.63169026374817
LC08_L2SP_144049_20211028_20211104_02_T1_SR_nir_4096_1024.png, rivers, 84.05935168266296
LC08_L2SP_144049_20211028_20211104_02_T1_SR_nir_4096_2048.png, rivers, 66.26385450363159
LC08_L2SP_144049_20211028_20211104_02_T1_SR_nir_4096_3072.png, rivers, 84.96606945991516
LC08_L2SP_144049_20211028_20211104_02_T1_SR_nir_4096_4096.png, rivers, 84.16038155555725
LC08_L2SP_144049_20211028_20211104_02_T1_SR_nir_4096_6144.png, rivers, 79.36702966690063
LC08_L2SP_144049_20211028_20211104_02_T1_SR_nir_5120_2048.png, rivers, 83.10774564743042
LC08_L2SP_144049_20211028_20211104_02_T1_SR_nir_5120_3072.png, rivers, 83.891761302948
LC08_L2SP_144049_20211028_20211104_02_T1_SR_nir_5120_4096.png, rivers, 85.03420352935791
LC08_L2SP_144049_20211028_20211104_02_T1_SR_nir_6144_1024.png, rivers, 84.1365098953247
LC08_L2SP_144049_20211028_20211104_02_T1_SR_nir_6144_2048.png, rivers, 79.96700406074524
LC08_L2SP_144049_20211028_20211104_02_T1_SR_nir_6144_3072.png, rivers, 85.17428040504456
LC08_L2SP_144049_20211028_20211104_02_T1_SR_nir_6144_4096.png, rivers, 81.28670454025269
LC08_L2SP_144049_20211028_20211104_02_T1_SR_nir_6144_5120.png, rivers, 84.84083414077759
LC08_L2SP_144049_20211028_20211104_02_T1_SR_swir1_0_1024.png, lakes, 52.00505256652832
LC08_L2SP_144049_20211028_20211104_02_T1_SR_swir1_0_2048.png, lakes, 59.60119962692261
LC08_L2SP_144049_20211028_20211104_02_T1_SR_swir1_0_3072.png, rivers, 76.04333758354187
LC08_L2SP_144049_20211028_20211104_02_T1_SR_swir1_1024_0.png, rivers, 85.06982922554016
LC08_L2SP_144049_20211028_20211104_02_T1_SR_swir1_1024_1024.png, rivers, 63.08702230453491
LC08_L2SP_144049_20211028_20211104_02_T1_SR_swir1_1024_2048.png, lakes, 54.871922731399536
LC08_L2SP_144049_20211028_20211104_02_T1_SR_swir1_1024_3072.png, rivers, 75.25733709335327
LC08_L2SP_144049_20211028_20211104_02_T1_SR_swir1_1024_4096.png, rivers, 79.32180762290955
LC08_L2SP_144049_20211028_20211104_02_T1_SR_swir1_1024_5120.png, rivers, 80.64271211624146
LC08_L2SP_144049_20211028_20211104_02_T1_SR_swir1_1024_6144.png, rivers, 72.03390002250671
LC08_L2SP_144049_20211028_20211104_02_T1_SR_swir1_2048_2048.png, rivers, 70.28206586837769
LC08_L2SP_144049_20211028_20211104_02_T1_SR_swir1_2048_3072.png, rivers, 70.37345170974731
LC08_L2SP_144049_20211028_20211104_02_T1_SR_swir1_2048_4096.png, rivers, 77.8929591178894
LC08_L2SP_144049_20211028_20211104_02_T1_SR_swir1_2048_5120.png, rivers, 79.44998741149902
LC08_L2SP_144049_20211028_20211104_02_T1_SR_swir1_2048_6144.png, rivers, 85.85620522499084
LC08_L2SP_144049_20211028_20211104_02_T1_SR_swir1_3072_0.png, rivers, 81.85248970985413
LC08_L2SP_144049_20211028_20211104_02_T1_SR_swir1_3072_1024.png, rivers, 58.07276368141174
LC08_L2SP_144049_20211028_20211104_02_T1_SR_swir1_3072_2048.png, rivers, 63.663965463638306
LC08_L2SP_144049_20211028_20211104_02_T1_SR_swir1_3072_3072.png, rivers, 75.43521523475647
LC08_L2SP_144049_20211028_20211104_02_T1_SR_swir1_3072_4096.png, lakes, 97.32369780540466
LC08_L2SP_144049_20211028_20211104_02_T1_SR_swir1_3072_5120.png, lakes, 98.60091805458069
LC08_L2SP_144049_20211028_20211104_02_T1_SR_swir1_3072_6144.png, rivers, 78.4151554107666
LC08_L2SP_144049_20211028_20211104_02_T1_SR_swir1_4096_0.png, rivers, 81.42601251602173
LC08_L2SP_144049_20211028_20211104_02_T1_SR_swir1_4096_1024.png, rivers, 83.49589705467224
LC08_L2SP_144049_20211028_20211104_02_T1_SR_swir1_4096_2048.png, rivers, 64.93711471557617
LC08_L2SP_144049_20211028_20211104_02_T1_SR_swir1_4096_3072.png, rivers, 84.6929669380188
LC08_L2SP_144049_20211028_20211104_02_T1_SR_swir1_4096_4096.png, rivers, 83.94003510475159
LC08_L2SP_144049_20211028_20211104_02_T1_SR_swir1_4096_5120.png, rivers, 84.14756655693054
LC08_L2SP_144049_20211028_20211104_02_T1_SR_swir1_4096_6144.png, rivers, 77.81515717506409
LC08_L2SP_144049_20211028_20211104_02_T1_SR_swir1_5120_0.png, rivers, 84.22033190727234
LC08_L2SP_144049_20211028_20211104_02_T1_SR_swir1_5120_2048.png, rivers, 82.52771496772766
LC08_L2SP_144049_20211028_20211104_02_T1_SR_swir1_5120_3072.png, rivers, 83.17971229553223
LC08_L2SP_144049_20211028_20211104_02_T1_SR_swir1_5120_4096.png, rivers, 84.71202850341797
LC08_L2SP_144049_20211028_20211104_02_T1_SR_swir1_5120_5120.png, rivers, 83.36633443832397
LC08_L2SP_144049_20211028_20211104_02_T1_SR_swir1_5120_6144.png, rivers, 84.6755862236023
LC08_L2SP_144049_20211028_20211104_02_T1_SR_swir1_6144_0.png, rivers, 84.92061495780945
LC08_L2SP_144049_20211028_20211104_02_T1_SR_swir1_6144_1024.png, rivers, 84.32993292808533
LC08_L2SP_144049_20211028_20211104_02_T1_SR_swir1_6144_2048.png, rivers, 79.37819957733154
LC08_L2SP_144049_20211028_20211104_02_T1_SR_swir1_6144_3072.png, rivers, 85.35041213035583
LC08_L2SP_144049_20211028_20211104_02_T1_SR_swir1_6144_4096.png, rivers, 77.9950499534607
LC08_L2SP_144049_20211028_20211104_02_T1_SR_swir1_6144_5120.png, rivers, 83.40517282485962
LC08_L2SP_144049_20211028_20211104_02_T1_SR_swir1_6144_6144.png, rivers, 84.94945764541626
LC08_L2SP_144049_20211028_20211104_02_T1_SR_swir2_0_1024.png, lakes, 98.09522032737732
LC08_L2SP_144049_20211028_20211104_02_T1_SR_swir2_0_2048.png, lakes, 99.9974250793457
LC08_L2SP_144049_20211028_20211104_02_T1_SR_swir2_0_3072.png, lakes, 91.67512059211731
LC08_L2SP_144049_20211028_20211104_02_T1_SR_swir2_0_4096.png, lakes, 77.89385914802551
LC08_L2SP_144049_20211028_20211104_02_T1_SR_swir2_0_5120.png, rivers, 85.82083582878113
LC08_L2SP_144049_20211028_20211104_02_T1_SR_swir2_1024_0.png, rivers, 85.07002592086792
LC08_L2SP_144049_20211028_20211104_02_T1_SR_swir2_1024_1024.png, lakes, 84.07306671142578
LC08_L2SP_144049_20211028_20211104_02_T1_SR_swir2_1024_2048.png, lakes, 75.75106620788574
LC08_L2SP_144049_20211028_20211104_02_T1_SR_swir2_1024_3072.png, rivers, 63.131821155548096
LC08_L2SP_144049_20211028_20211104_02_T1_SR_swir2_1024_4096.png, rivers, 76.25331282615662
LC08_L2SP_144049_20211028_20211104_02_T1_SR_swir2_1024_5120.png, rivers, 77.63255834579468
LC08_L2SP_144049_20211028_20211104_02_T1_SR_swir2_1024_6144.png, rivers, 62.96796202659607
LC08_L2SP_144049_20211028_20211104_02_T1_SR_swir2_2048_0.png, rivers, 85.3209376335144
LC08_L2SP_144049_20211028_20211104_02_T1_SR_swir2_2048_1024.png, rivers, 71.63833975791931
LC08_L2SP_144049_20211028_20211104_02_T1_SR_swir2_2048_2048.png, rivers, 64.05773758888245
LC08_L2SP_144049_20211028_20211104_02_T1_SR_swir2_2048_3072.png, lakes, 71.62750363349915
LC08_L2SP_144049_20211028_20211104_02_T1_SR_swir2_2048_4096.png, rivers, 76.03048086166382
LC08_L2SP_144049_20211028_20211104_02_T1_SR_swir2_2048_5120.png, rivers, 78.10810208320618
LC08_L2SP_144049_20211028_20211104_02_T1_SR_swir2_2048_6144.png, rivers, 81.86965584754944
LC08_L2SP_144049_20211028_20211104_02_T1_SR_swir2_3072_0.png, rivers, 79.15072441101074
LC08_L2SP_144049_20211028_20211104_02_T1_SR_swir2_3072_1024.png, lakes, 51.670849323272705
LC08_L2SP_144049_20211028_20211104_02_T1_SR_swir2_3072_2048.png, rivers, 57.619571685791016
LC08_L2SP_144049_20211028_20211104_02_T1_SR_swir2_3072_3072.png, rivers, 74.16320443153381
LC08_L2SP_144049_20211028_20211104_02_T1_SR_swir2_3072_4096.png, lakes, 98.48816990852356
LC08_L2SP_144049_20211028_20211104_02_T1_SR_swir2_3072_5120.png, lakes, 99.5518445968628
LC08_L2SP_144049_20211028_20211104_02_T1_SR_swir2_3072_6144.png, rivers, 77.69218683242798
LC08_L2SP_144049_20211028_20211104_02_T1_SR_swir2_4096_0.png, rivers, 79.4407069683075
LC08_L2SP_144049_20211028_20211104_02_T1_SR_swir2_4096_1024.png, rivers, 83.3257794380188
LC08_L2SP_144049_20211028_20211104_02_T1_SR_swir2_4096_2048.png, rivers, 62.36044764518738
LC08_L2SP_144049_20211028_20211104_02_T1_SR_swir2_4096_3072.png, rivers, 84.11998152732849
LC08_L2SP_144049_20211028_20211104_02_T1_SR_swir2_4096_4096.png, rivers, 84.13068056106567
LC08_L2SP_144049_20211028_20211104_02_T1_SR_swir2_4096_5120.png, rivers, 81.90286159515381
LC08_L2SP_144049_20211028_20211104_02_T1_SR_swir2_4096_6144.png, rivers, 75.3770649433136
LC08_L2SP_144049_20211028_20211104_02_T1_SR_swir2_5120_0.png, rivers, 68.36345195770264
LC08_L2SP_144049_20211028_20211104_02_T1_SR_swir2_5120_1024.png, rivers, 84.98402237892151
LC08_L2SP_144049_20211028_20211104_02_T1_SR_swir2_5120_2048.png, rivers, 82.56409764289856
LC08_L2SP_144049_20211028_20211104_02_T1_SR_swir2_5120_3072.png, rivers, 82.57212042808533
LC08_L2SP_144049_20211028_20211104_02_T1_SR_swir2_5120_4096.png, rivers, 83.89363288879395
LC08_L2SP_144049_20211028_20211104_02_T1_SR_swir2_5120_5120.png, rivers, 79.91045713424683
LC08_L2SP_144049_20211028_20211104_02_T1_SR_swir2_5120_6144.png, rivers, 87.58482933044434
LC08_L2SP_144049_20211028_20211104_02_T1_SR_swir2_6144_0.png, rivers, 84.93168950080872
LC08_L2SP_144049_20211028_20211104_02_T1_SR_swir2_6144_1024.png, rivers, 84.3161404132843
LC08_L2SP_144049_20211028_20211104_02_T1_SR_swir2_6144_2048.png, rivers, 78.63695621490479
LC08_L2SP_144049_20211028_20211104_02_T1_SR_swir2_6144_3072.png, rivers, 84.69473123550415
LC08_L2SP_144049_20211028_20211104_02_T1_SR_swir2_6144_4096.png, rivers, 76.6139268875122
LC08_L2SP_144049_20211028_20211104_02_T1_SR_swir2_6144_5120.png, rivers, 81.5110445022583
LC08_L2SP_144049_20211028_20211104_02_T1_SR_swir2_6144_6144.png, rivers, 84.72607135772705
LC08_L2SP_145043_20211222_20211230_02_T1_SR_nir_0_1024.png, rivers, 82.87308812141418
LC08_L2SP_145043_20211222_20211230_02_T1_SR_nir_0_2048.png, lakes, 62.40992546081543
LC08_L2SP_145043_20211222_20211230_02_T1_SR_nir_0_3072.png, rivers, 82.07361698150635
LC08_L2SP_145043_20211222_20211230_02_T1_SR_nir_0_4096.png, rivers, 85.35351157188416
LC08_L2SP_145043_20211222_20211230_02_T1_SR_nir_0_5120.png, rivers, 86.60304546356201
LC08_L2SP_145043_20211222_20211230_02_T1_SR_nir_1024_1024.png, rivers, 83.69804620742798
LC08_L2SP_145043_20211222_20211230_02_T1_SR_nir_1024_2048.png, rivers, 85.27749180793762
LC08_L2SP_145043_20211222_20211230_02_T1_SR_nir_1024_3072.png, rivers, 62.03417778015137
LC08_L2SP_145043_20211222_20211230_02_T1_SR_nir_1024_4096.png, rivers, 71.77514433860779
LC08_L2SP_145043_20211222_20211230_02_T1_SR_nir_1024_5120.png, rivers, 83.15768241882324
LC08_L2SP_145043_20211222_20211230_02_T1_SR_nir_1024_6144.png, rivers, 77.21439599990845
LC08_L2SP_145043_20211222_20211230_02_T1_SR_nir_2048_1024.png, rivers, 84.8442792892456
LC08_L2SP_145043_20211222_20211230_02_T1_SR_nir_2048_2048.png, rivers, 83.91427397727966
LC08_L2SP_145043_20211222_20211230_02_T1_SR_nir_2048_3072.png, rivers, 70.91116309165955
LC08_L2SP_145043_20211222_20211230_02_T1_SR_nir_2048_4096.png, rivers, 61.407023668289185
LC08_L2SP_145043_20211222_20211230_02_T1_SR_nir_2048_5120.png, rivers, 84.75146889686584
LC08_L2SP_145043_20211222_20211230_02_T1_SR_nir_2048_6144.png, rivers, 83.65963697433472
LC08_L2SP_145043_20211222_20211230_02_T1_SR_nir_3072_0.png, rivers, 84.65672135353088
LC08_L2SP_145043_20211222_20211230_02_T1_SR_nir_3072_1024.png, rivers, 83.50715041160583
LC08_L2SP_145043_20211222_20211230_02_T1_SR_nir_3072_2048.png, rivers, 85.46730875968933
LC08_L2SP_145043_20211222_20211230_02_T1_SR_nir_3072_3072.png, lakes, 99.36208128929138
LC08_L2SP_145043_20211222_20211230_02_T1_SR_nir_3072_4096.png, rivers, 83.04587006568909
LC08_L2SP_145043_20211222_20211230_02_T1_SR_nir_3072_5120.png, rivers, 81.44195675849915
LC08_L2SP_145043_20211222_20211230_02_T1_SR_nir_3072_6144.png, lakes, 54.651397466659546
LC08_L2SP_145043_20211222_20211230_02_T1_SR_nir_4096_1024.png, rivers, 81.80013298988342
LC08_L2SP_145043_20211222_20211230_02_T1_SR_nir_4096_2048.png, rivers, 83.5605263710022
LC08_L2SP_145043_20211222_20211230_02_T1_SR_nir_4096_3072.png, rivers, 82.55902528762817
LC08_L2SP_145043_20211222_20211230_02_T1_SR_nir_4096_4096.png, rivers, 74.85862374305725
LC08_L2SP_145043_20211222_20211230_02_T1_SR_nir_4096_5120.png, rivers, 82.5991690158844
LC08_L2SP_145043_20211222_20211230_02_T1_SR_nir_4096_6144.png, rivers, 84.64019894599915
LC08_L2SP_145043_20211222_20211230_02_T1_SR_nir_5120_0.png, rivers, 84.89897847175598
LC08_L2SP_145043_20211222_20211230_02_T1_SR_nir_5120_1024.png, rivers, 79.2585015296936
LC08_L2SP_145043_20211222_20211230_02_T1_SR_nir_5120_2048.png, rivers, 81.95245862007141
LC08_L2SP_145043_20211222_20211230_02_T1_SR_nir_5120_3072.png, rivers, 84.0656042098999
LC08_L2SP_145043_20211222_20211230_02_T1_SR_nir_5120_4096.png, rivers, 85.06235480308533
LC08_L2SP_145043_20211222_20211230_02_T1_SR_nir_5120_5120.png, rivers, 84.51429009437561
LC08_L2SP_145043_20211222_20211230_02_T1_SR_nir_5120_6144.png, rivers, 80.10401129722595
LC08_L2SP_145043_20211222_20211230_02_T1_SR_nir_6144_1024.png, rivers, 84.29129123687744
LC08_L2SP_145043_20211222_20211230_02_T1_SR_nir_6144_2048.png, rivers, 85.00118255615234
LC08_L2SP_145043_20211222_20211230_02_T1_SR_nir_6144_3072.png, rivers, 83.20748209953308
LC08_L2SP_145043_20211222_20211230_02_T1_SR_nir_6144_4096.png, rivers, 86.63657307624817
LC08_L2SP_145043_20211222_20211230_02_T1_SR_nir_6144_5120.png, rivers, 83.56276750564575
LC08_L2SP_145043_20211222_20211230_02_T1_SR_nir_6144_6144.png, rivers, 85.29305458068848
LC08_L2SP_145043_20211222_20211230_02_T1_SR_swir1_0_1024.png, rivers, 82.72855877876282
LC08_L2SP_145043_20211222_20211230_02_T1_SR_swir1_0_3072.png, rivers, 81.2205970287323
LC08_L2SP_145043_20211222_20211230_02_T1_SR_swir1_0_4096.png, rivers, 85.41297316551208
LC08_L2SP_145043_20211222_20211230_02_T1_SR_swir1_0_5120.png, rivers, 86.89996004104614
LC08_L2SP_145043_20211222_20211230_02_T1_SR_swir1_1024_1024.png, rivers, 83.6771547794342
LC08_L2SP_145043_20211222_20211230_02_T1_SR_swir1_1024_2048.png, rivers, 85.27604341506958
LC08_L2SP_145043_20211222_20211230_02_T1_SR_swir1_1024_3072.png, rivers, 63.17601799964905
LC08_L2SP_145043_20211222_20211230_02_T1_SR_swir1_1024_4096.png, rivers, 69.12104487419128
LC08_L2SP_145043_20211222_20211230_02_T1_SR_swir1_1024_5120.png, rivers, 82.78116583824158
LC08_L2SP_145043_20211222_20211230_02_T1_SR_swir1_1024_6144.png, rivers, 74.69099164009094
LC08_L2SP_145043_20211222_20211230_02_T1_SR_swir1_2048_0.png, rivers, 85.18047332763672
LC08_L2SP_145043_20211222_20211230_02_T1_SR_swir1_2048_1024.png, rivers, 84.80976819992065
LC08_L2SP_145043_20211222_20211230_02_T1_SR_swir1_2048_2048.png, rivers, 84.38188433647156
LC08_L2SP_145043_20211222_20211230_02_T1_SR_swir1_2048_4096.png, rivers, 55.24647831916809
LC08_L2SP_145043_20211222_20211230_02_T1_SR_swir1_2048_5120.png, rivers, 85.17069220542908
LC08_L2SP_145043_20211222_20211230_02_T1_SR_swir1_2048_6144.png, rivers, 83.69386196136475
LC08_L2SP_145043_20211222_20211230_02_T1_SR_swir1_3072_0.png, rivers, 84.6723198890686
LC08_L2SP_145043_20211222_20211230_02_T1_SR_swir1_3072_1024.png, rivers, 83.39403867721558
LC08_L2SP_145043_20211222_20211230_02_T1_SR_swir1_3072_2048.png, rivers, 85.67659258842468
LC08_L2SP_145043_20211222_20211230_02_T1_SR_swir1_3072_3072.png, lakes, 99.50201511383057
LC08_L2SP_145043_20211222_20211230_02_T1_SR_swir1_3072_4096.png, rivers, 80.75538873672485
LC08_L2SP_145043_20211222_20211230_02_T1_SR_swir1_3072_5120.png, rivers, 79.46538925170898
LC08_L2SP_145043_20211222_20211230_02_T1_SR_swir1_3072_6144.png, lakes, 57.38639235496521
LC08_L2SP_145043_20211222_20211230_02_T1_SR_swir1_4096_1024.png, rivers, 81.5223217010498
LC08_L2SP_145043_20211222_20211230_02_T1_SR_swir1_4096_2048.png, rivers, 83.52373838424683
LC08_L2SP_145043_20211222_20211230_02_T1_SR_swir1_4096_3072.png, rivers, 82.14385509490967
LC08_L2SP_145043_20211222_20211230_02_T1_SR_swir1_4096_4096.png, rivers, 74.90140199661255
LC08_L2SP_145043_20211222_20211230_02_T1_SR_swir1_4096_5120.png, rivers, 81.5336525440216
LC08_L2SP_145043_20211222_20211230_02_T1_SR_swir1_4096_6144.png, rivers, 84.63445901870728
LC08_L2SP_145043_20211222_20211230_02_T1_SR_swir1_5120_0.png, rivers, 84.9307119846344
LC08_L2SP_145043_20211222_20211230_02_T1_SR_swir1_5120_1024.png, rivers, 78.77837419509888
LC08_L2SP_145043_20211222_20211230_02_T1_SR_swir1_5120_2048.png, rivers, 80.88957667350769
LC08_L2SP_145043_20211222_20211230_02_T1_SR_swir1_5120_3072.png, rivers, 83.93451571464539
LC08_L2SP_145043_20211222_20211230_02_T1_SR_swir1_5120_4096.png, rivers, 85.16810536384583
LC08_L2SP_145043_20211222_20211230_02_T1_SR_swir1_5120_5120.png, rivers, 84.50847864151001
LC08_L2SP_145043_20211222_20211230_02_T1_SR_swir1_5120_6144.png, rivers, 80.05509376525879
LC08_L2SP_145043_20211222_20211230_02_T1_SR_swir1_6144_1024.png, rivers, 84.27238464355469
LC08_L2SP_145043_20211222_20211230_02_T1_SR_swir1_6144_2048.png, rivers, 84.86644625663757
LC08_L2SP_145043_20211222_20211230_02_T1_SR_swir1_6144_3072.png, rivers, 83.06365013122559
LC08_L2SP_145043_20211222_20211230_02_T1_SR_swir1_6144_4096.png, rivers, 86.85823082923889
LC08_L2SP_145043_20211222_20211230_02_T1_SR_swir1_6144_5120.png, rivers, 83.47418308258057
LC08_L2SP_145043_20211222_20211230_02_T1_SR_swir1_6144_6144.png, rivers, 85.33008694648743
LC08_L2SP_145043_20211222_20211230_02_T1_SR_swir2_0_1024.png, rivers, 82.55991339683533
LC08_L2SP_145043_20211222_20211230_02_T1_SR_swir2_0_2048.png, lakes, 64.5756483078003
LC08_L2SP_145043_20211222_20211230_02_T1_SR_swir2_0_3072.png, rivers, 81.1204731464386
LC08_L2SP_145043_20211222_20211230_02_T1_SR_swir2_0_4096.png, rivers, 85.35063862800598
LC08_L2SP_145043_20211222_20211230_02_T1_SR_swir2_0_5120.png, rivers, 86.9378387928009
LC08_L2SP_145043_20211222_20211230_02_T1_SR_swir2_1024_1024.png, rivers, 81.24637603759766
LC08_L2SP_145043_20211222_20211230_02_T1_SR_swir2_1024_2048.png, rivers, 85.58996915817261
LC08_L2SP_145043_20211222_20211230_02_T1_SR_swir2_1024_3072.png, rivers, 60.94152331352234
LC08_L2SP_145043_20211222_20211230_02_T1_SR_swir2_1024_4096.png, rivers, 67.29909181594849
LC08_L2SP_145043_20211222_20211230_02_T1_SR_swir2_1024_5120.png, rivers, 82.66328573226929
LC08_L2SP_145043_20211222_20211230_02_T1_SR_swir2_1024_6144.png, rivers, 72.71919250488281
LC08_L2SP_145043_20211222_20211230_02_T1_SR_swir2_2048_0.png, rivers, 85.18344759941101
LC08_L2SP_145043_20211222_20211230_02_T1_SR_swir2_2048_1024.png, rivers, 84.57432985305786
LC08_L2SP_145043_20211222_20211230_02_T1_SR_swir2_2048_2048.png, rivers, 84.30039286613464
LC08_L2SP_145043_20211222_20211230_02_T1_SR_swir2_2048_3072.png, rivers, 66.83000922203064
LC08_L2SP_145043_20211222_20211230_02_T1_SR_swir2_2048_4096.png, rivers, 50.88266134262085
LC08_L2SP_145043_20211222_20211230_02_T1_SR_swir2_2048_5120.png, rivers, 85.10872721672058
LC08_L2SP_145043_20211222_20211230_02_T1_SR_swir2_2048_6144.png, rivers, 83.52030515670776
LC08_L2SP_145043_20211222_20211230_02_T1_SR_swir2_3072_0.png, rivers, 84.62430834770203
LC08_L2SP_145043_20211222_20211230_02_T1_SR_swir2_3072_1024.png, rivers, 68.76870393753052
LC08_L2SP_145043_20211222_20211230_02_T1_SR_swir2_3072_2048.png, lakes, 75.85852146148682
LC08_L2SP_145043_20211222_20211230_02_T1_SR_swir2_3072_3072.png, lakes, 99.5465874671936
LC08_L2SP_145043_20211222_20211230_02_T1_SR_swir2_3072_4096.png, rivers, 76.78115367889404
LC08_L2SP_145043_20211222_20211230_02_T1_SR_swir2_3072_5120.png, rivers, 79.28982377052307
LC08_L2SP_145043_20211222_20211230_02_T1_SR_swir2_3072_6144.png, lakes, 57.9311728477478
LC08_L2SP_145043_20211222_20211230_02_T1_SR_swir2_4096_0.png, rivers, 85.03204584121704
LC08_L2SP_145043_20211222_20211230_02_T1_SR_swir2_4096_1024.png, rivers, 81.16335272789001
LC08_L2SP_145043_20211222_20211230_02_T1_SR_swir2_4096_2048.png, rivers, 75.06992220878601
LC08_L2SP_145043_20211222_20211230_02_T1_SR_swir2_4096_3072.png, rivers, 81.5495252609253
LC08_L2SP_145043_20211222_20211230_02_T1_SR_swir2_4096_4096.png, rivers, 74.34849143028259
LC08_L2SP_145043_20211222_20211230_02_T1_SR_swir2_4096_5120.png, rivers, 80.6885302066803
LC08_L2SP_145043_20211222_20211230_02_T1_SR_swir2_4096_6144.png, rivers, 84.63432192802429
LC08_L2SP_145043_20211222_20211230_02_T1_SR_swir2_5120_0.png, rivers, 84.96662378311157
LC08_L2SP_145043_20211222_20211230_02_T1_SR_swir2_5120_1024.png, rivers, 78.64688634872437
LC08_L2SP_145043_20211222_20211230_02_T1_SR_swir2_5120_2048.png, rivers, 79.19970154762268
LC08_L2SP_145043_20211222_20211230_02_T1_SR_swir2_5120_3072.png, rivers, 83.65660905838013
LC08_L2SP_145043_20211222_20211230_02_T1_SR_swir2_5120_4096.png, rivers, 85.2562665939331
LC08_L2SP_145043_20211222_20211230_02_T1_SR_swir2_5120_5120.png, rivers, 84.54909920692444
LC08_L2SP_145043_20211222_20211230_02_T1_SR_swir2_5120_6144.png, rivers, 79.6981930732727
LC08_L2SP_145043_20211222_20211230_02_T1_SR_swir2_6144_1024.png, rivers, 84.03613567352295
LC08_L2SP_145043_20211222_20211230_02_T1_SR_swir2_6144_2048.png, rivers, 84.77222323417664
LC08_L2SP_145043_20211222_20211230_02_T1_SR_swir2_6144_3072.png, rivers, 82.848060131073
LC08_L2SP_145043_20211222_20211230_02_T1_SR_swir2_6144_4096.png, rivers, 86.95449829101562
LC08_L2SP_145043_20211222_20211230_02_T1_SR_swir2_6144_5120.png, rivers, 83.49182605743408
LC08_L2SP_145043_20211222_20211230_02_T1_SR_swir2_6144_6144.png, rivers, 85.40745377540588
LC08_L2SP_141045_20210516_20210525_02_T1_SR_nir_0_3072.png, rivers, 85.15349626541138
LC08_L2SP_141045_20210516_20210525_02_T1_SR_nir_0_5120.png, rivers, 84.96753573417664
LC08_L2SP_141045_20210516_20210525_02_T1_SR_nir_1024_1024.png, rivers, 85.07940173149109
LC08_L2SP_141045_20210516_20210525_02_T1_SR_nir_1024_2048.png, rivers, 84.9337637424469
LC08_L2SP_141045_20210516_20210525_02_T1_SR_nir_1024_3072.png, rivers, 84.80214476585388
LC08_L2SP_141045_20210516_20210525_02_T1_SR_nir_1024_4096.png, rivers, 83.5181474685669
LC08_L2SP_141045_20210516_20210525_02_T1_SR_nir_1024_5120.png, rivers, 84.86300706863403
LC08_L2SP_141045_20210516_20210525_02_T1_SR_nir_1024_6144.png, rivers, 72.92373776435852
LC08_L2SP_141045_20210516_20210525_02_T1_SR_nir_2048_1024.png, rivers, 79.90434765815735
LC08_L2SP_141045_20210516_20210525_02_T1_SR_nir_2048_2048.png, rivers, 81.34533166885376
LC08_L2SP_141045_20210516_20210525_02_T1_SR_nir_2048_3072.png, rivers, 84.91870760917664
LC08_L2SP_141045_20210516_20210525_02_T1_SR_nir_2048_4096.png, rivers, 84.92991924285889
LC08_L2SP_141045_20210516_20210525_02_T1_SR_nir_2048_5120.png, rivers, 84.69932079315186
LC08_L2SP_141045_20210516_20210525_02_T1_SR_nir_2048_6144.png, rivers, 85.13529300689697
LC08_L2SP_141045_20210516_20210525_02_T1_SR_nir_3072_0.png, rivers, 80.9958815574646
LC08_L2SP_141045_20210516_20210525_02_T1_SR_nir_3072_1024.png, rivers, 62.04690933227539
LC08_L2SP_141045_20210516_20210525_02_T1_SR_nir_3072_2048.png, rivers, 54.54235076904297
LC08_L2SP_141045_20210516_20210525_02_T1_SR_nir_3072_3072.png, lakes, 83.22296738624573
LC08_L2SP_141045_20210516_20210525_02_T1_SR_nir_3072_4096.png, rivers, 86.80336475372314
LC08_L2SP_141045_20210516_20210525_02_T1_SR_nir_3072_5120.png, rivers, 84.8384439945221
LC08_L2SP_141045_20210516_20210525_02_T1_SR_nir_4096_1024.png, rivers, 84.95554327964783
LC08_L2SP_141045_20210516_20210525_02_T1_SR_nir_4096_2048.png, rivers, 84.88216400146484
LC08_L2SP_141045_20210516_20210525_02_T1_SR_nir_4096_3072.png, lakes, 87.48106360435486
LC08_L2SP_141045_20210516_20210525_02_T1_SR_nir_4096_4096.png, rivers, 86.80551648139954
LC08_L2SP_141045_20210516_20210525_02_T1_SR_nir_4096_5120.png, rivers, 84.932541847229
LC08_L2SP_141045_20210516_20210525_02_T1_SR_nir_4096_6144.png, rivers, 84.27174687385559
LC08_L2SP_141045_20210516_20210525_02_T1_SR_nir_5120_0.png, rivers, 84.8914384841919
LC08_L2SP_141045_20210516_20210525_02_T1_SR_nir_5120_1024.png, rivers, 84.80121493339539
LC08_L2SP_141045_20210516_20210525_02_T1_SR_nir_5120_2048.png, rivers, 84.75956916809082
LC08_L2SP_141045_20210516_20210525_02_T1_SR_nir_5120_3072.png, rivers, 80.93043565750122
LC08_L2SP_141045_20210516_20210525_02_T1_SR_nir_5120_4096.png, rivers, 85.48490405082703
LC08_L2SP_141045_20210516_20210525_02_T1_SR_nir_6144_0.png, rivers, 85.15793085098267
LC08_L2SP_141045_20210516_20210525_02_T1_SR_nir_6144_1024.png, rivers, 84.95731353759766
LC08_L2SP_141045_20210516_20210525_02_T1_SR_nir_6144_2048.png, rivers, 84.94467735290527
LC08_L2SP_141045_20210516_20210525_02_T1_SR_nir_6144_3072.png, rivers, 54.60435152053833
LC08_L2SP_141045_20210516_20210525_02_T1_SR_nir_6144_4096.png, rivers, 52.26708650588989
LC08_L2SP_141045_20210516_20210525_02_T1_SR_nir_6144_5120.png, rivers, 64.29982781410217
LC08_L2SP_141045_20210516_20210525_02_T1_SR_swir1_0_2048.png, rivers, 85.24315357208252
LC08_L2SP_141045_20210516_20210525_02_T1_SR_swir1_0_3072.png, rivers, 85.15628576278687
LC08_L2SP_141045_20210516_20210525_02_T1_SR_swir1_1024_0.png, rivers, 85.03530621528625
LC08_L2SP_141045_20210516_20210525_02_T1_SR_swir1_1024_1024.png, rivers, 80.2230715751648
LC08_L2SP_141045_20210516_20210525_02_T1_SR_swir1_1024_2048.png, rivers, 81.53523206710815
LC08_L2SP_141045_20210516_20210525_02_T1_SR_swir1_1024_3072.png, rivers, 84.94036793708801
LC08_L2SP_141045_20210516_20210525_02_T1_SR_swir1_1024_4096.png, rivers, 83.0720841884613
LC08_L2SP_141045_20210516_20210525_02_T1_SR_swir1_1024_5120.png, rivers, 84.6020519733429
LC08_L2SP_141045_20210516_20210525_02_T1_SR_swir1_1024_6144.png, rivers, 63.88571262359619
LC08_L2SP_141045_20210516_20210525_02_T1_SR_swir1_2048_1024.png, rivers, 79.30932641029358
LC08_L2SP_141045_20210516_20210525_02_T1_SR_swir1_2048_2048.png, rivers, 80.44740557670593
LC08_L2SP_141045_20210516_20210525_02_T1_SR_swir1_2048_3072.png, rivers, 85.31051874160767
LC08_L2SP_141045_20210516_20210525_02_T1_SR_swir1_2048_4096.png, rivers, 84.43458676338196
LC08_L2SP_141045_20210516_20210525_02_T1_SR_swir1_2048_5120.png, rivers, 84.66023802757263
LC08_L2SP_141045_20210516_20210525_02_T1_SR_swir1_2048_6144.png, rivers, 80.24303913116455
LC08_L2SP_141045_20210516_20210525_02_T1_SR_swir1_3072_0.png, rivers, 79.88788485527039
LC08_L2SP_141045_20210516_20210525_02_T1_SR_swir1_3072_1024.png, rivers, 56.933051347732544
LC08_L2SP_141045_20210516_20210525_02_T1_SR_swir1_3072_2048.png, rivers, 51.61491632461548
LC08_L2SP_141045_20210516_20210525_02_T1_SR_swir1_3072_3072.png, lakes, 86.30825281143188
LC08_L2SP_141045_20210516_20210525_02_T1_SR_swir1_3072_5120.png, rivers, 84.34104323387146
LC08_L2SP_141045_20210516_20210525_02_T1_SR_swir1_4096_0.png, rivers, 84.83021259307861
LC08_L2SP_141045_20210516_20210525_02_T1_SR_swir1_4096_1024.png, rivers, 84.97757315635681
LC08_L2SP_141045_20210516_20210525_02_T1_SR_swir1_4096_2048.png, rivers, 84.87398624420166
LC08_L2SP_141045_20210516_20210525_02_T1_SR_swir1_4096_3072.png, lakes, 89.52550888061523
LC08_L2SP_141045_20210516_20210525_02_T1_SR_swir1_4096_4096.png, rivers, 86.84179186820984
LC08_L2SP_141045_20210516_20210525_02_T1_SR_swir1_4096_5120.png, rivers, 84.91114377975464
LC08_L2SP_141045_20210516_20210525_02_T1_SR_swir1_4096_6144.png, rivers, 84.18773412704468
LC08_L2SP_141045_20210516_20210525_02_T1_SR_swir1_5120_0.png, rivers, 84.88076329231262
LC08_L2SP_141045_20210516_20210525_02_T1_SR_swir1_5120_1024.png, rivers, 84.93781685829163
LC08_L2SP_141045_20210516_20210525_02_T1_SR_swir1_5120_2048.png, rivers, 84.69809889793396
LC08_L2SP_141045_20210516_20210525_02_T1_SR_swir1_5120_3072.png, rivers, 74.86273050308228
LC08_L2SP_141045_20210516_20210525_02_T1_SR_swir1_5120_4096.png, rivers, 85.47706604003906
LC08_L2SP_141045_20210516_20210525_02_T1_SR_swir1_6144_0.png, rivers, 85.17258763313293
LC08_L2SP_141045_20210516_20210525_02_T1_SR_swir1_6144_3072.png, rivers, 51.12888216972351
LC08_L2SP_141045_20210516_20210525_02_T1_SR_swir1_6144_4096.png, rivers, 50.18395781517029
LC08_L2SP_141045_20210516_20210525_02_T1_SR_swir1_6144_5120.png, rivers, 53.89198660850525
LC08_L2SP_141045_20210516_20210525_02_T1_SR_swir2_0_1024.png, rivers, 82.6769769191742
LC08_L2SP_141045_20210516_20210525_02_T1_SR_swir2_0_2048.png, rivers, 80.81409335136414
LC08_L2SP_141045_20210516_20210525_02_T1_SR_swir2_0_3072.png, rivers, 85.1638674736023
LC08_L2SP_141045_20210516_20210525_02_T1_SR_swir2_0_5120.png, rivers, 85.00359058380127
LC08_L2SP_141045_20210516_20210525_02_T1_SR_swir2_1024_0.png, rivers, 85.0403904914856
LC08_L2SP_141045_20210516_20210525_02_T1_SR_swir2_1024_1024.png, lakes, 64.91096019744873
LC08_L2SP_141045_20210516_20210525_02_T1_SR_swir2_1024_2048.png, lakes, 57.61358141899109
LC08_L2SP_141045_20210516_20210525_02_T1_SR_swir2_1024_3072.png, rivers, 80.3025484085083
LC08_L2SP_141045_20210516_20210525_02_T1_SR_swir2_1024_5120.png, rivers, 83.15009474754333
LC08_L2SP_141045_20210516_20210525_02_T1_SR_swir2_1024_6144.png, rivers, 58.959078788757324
LC08_L2SP_141045_20210516_20210525_02_T1_SR_swir2_2048_0.png, rivers, 84.74549055099487
LC08_L2SP_141045_20210516_20210525_02_T1_SR_swir2_2048_1024.png, rivers, 78.87609601020813
LC08_L2SP_141045_20210516_20210525_02_T1_SR_swir2_2048_2048.png, rivers, 79.78510856628418
LC08_L2SP_141045_20210516_20210525_02_T1_SR_swir2_2048_3072.png, rivers, 85.8331561088562
LC08_L2SP_141045_20210516_20210525_02_T1_SR_swir2_2048_4096.png, rivers, 80.04417419433594
LC08_L2SP_141045_20210516_20210525_02_T1_SR_swir2_2048_5120.png, rivers, 81.7112147808075
LC08_L2SP_141045_20210516_20210525_02_T1_SR_swir2_2048_6144.png, lakes, 53.94880771636963
LC08_L2SP_141045_20210516_20210525_02_T1_SR_swir2_3072_0.png, rivers, 77.4878740310669
LC08_L2SP_141045_20210516_20210525_02_T1_SR_swir2_3072_1024.png, rivers, 52.15005874633789
LC08_L2SP_141045_20210516_20210525_02_T1_SR_swir2_3072_2048.png, lakes, 54.58292365074158
LC08_L2SP_141045_20210516_20210525_02_T1_SR_swir2_3072_4096.png, rivers, 86.54717206954956
LC08_L2SP_141045_20210516_20210525_02_T1_SR_swir2_3072_5120.png, rivers, 84.15234684944153
LC08_L2SP_141045_20210516_20210525_02_T1_SR_swir2_3072_6144.png, rivers, 85.10485887527466
LC08_L2SP_141045_20210516_20210525_02_T1_SR_swir2_4096_0.png, rivers, 84.83489751815796
LC08_L2SP_141045_20210516_20210525_02_T1_SR_swir2_4096_2048.png, rivers, 84.80339050292969
LC08_L2SP_141045_20210516_20210525_02_T1_SR_swir2_4096_3072.png, lakes, 91.55292510986328
LC08_L2SP_141045_20210516_20210525_02_T1_SR_swir2_4096_4096.png, rivers, 86.1089825630188
LC08_L2SP_141045_20210516_20210525_02_T1_SR_swir2_4096_5120.png, rivers, 84.90643501281738
LC08_L2SP_141045_20210516_20210525_02_T1_SR_swir2_4096_6144.png, rivers, 84.15839076042175
LC08_L2SP_141045_20210516_20210525_02_T1_SR_swir2_5120_0.png, rivers, 82.79635310173035
LC08_L2SP_141045_20210516_20210525_02_T1_SR_swir2_5120_1024.png, rivers, 84.9056601524353
LC08_L2SP_141045_20210516_20210525_02_T1_SR_swir2_5120_2048.png, rivers, 84.65960025787354
LC08_L2SP_141045_20210516_20210525_02_T1_SR_swir2_5120_3072.png, rivers, 71.0044801235199
LC08_L2SP_141045_20210516_20210525_02_T1_SR_swir2_5120_4096.png, rivers, 85.566645860672
LC08_L2SP_141045_20210516_20210525_02_T1_SR_swir2_5120_5120.png, rivers, 85.36067008972168
LC08_L2SP_141045_20210516_20210525_02_T1_SR_swir2_5120_6144.png, rivers, 84.96120572090149
LC08_L2SP_141045_20210516_20210525_02_T1_SR_swir2_6144_0.png, rivers, 85.16863584518433
LC08_L2SP_141045_20210516_20210525_02_T1_SR_swir2_6144_3072.png, lakes, 53.587549924850464
LC08_L2SP_141045_20210516_20210525_02_T1_SR_swir2_6144_4096.png, lakes, 51.14368200302124
LC08_L2SP_141045_20210516_20210525_02_T1_SR_swir2_6144_5120.png, lakes, 55.50156831741333
LC08_L2SP_141045_20211023_20211103_02_T1_SR_nir_0_1024.png, rivers, 85.14875173568726
LC08_L2SP_141045_20211023_20211103_02_T1_SR_nir_0_2048.png, rivers, 85.26611328125
LC08_L2SP_141045_20211023_20211103_02_T1_SR_nir_0_3072.png, rivers, 84.87565517425537
LC08_L2SP_141045_20211023_20211103_02_T1_SR_nir_0_5120.png, rivers, 84.93841886520386
LC08_L2SP_141045_20211023_20211103_02_T1_SR_nir_1024_0.png, rivers, 85.10253429412842
LC08_L2SP_141045_20211023_20211103_02_T1_SR_nir_1024_1024.png, rivers, 85.61714887619019
LC08_L2SP_141045_20211023_20211103_02_T1_SR_nir_1024_2048.png, rivers, 84.76503491401672
LC08_L2SP_141045_20211023_20211103_02_T1_SR_nir_1024_3072.png, rivers, 85.10118126869202
LC08_L2SP_141045_20211023_20211103_02_T1_SR_nir_1024_4096.png, rivers, 81.1543881893158
LC08_L2SP_141045_20211023_20211103_02_T1_SR_nir_1024_5120.png, rivers, 83.3215594291687
LC08_L2SP_141045_20211023_20211103_02_T1_SR_nir_1024_6144.png, rivers, 58.88376832008362
LC08_L2SP_141045_20211023_20211103_02_T1_SR_nir_2048_0.png, rivers, 85.1549744606018
LC08_L2SP_141045_20211023_20211103_02_T1_SR_nir_2048_1024.png, rivers, 78.56035828590393
LC08_L2SP_141045_20211023_20211103_02_T1_SR_nir_2048_2048.png, rivers, 82.13265538215637
LC08_L2SP_141045_20211023_20211103_02_T1_SR_nir_2048_3072.png, rivers, 85.13293862342834
LC08_L2SP_141045_20211023_20211103_02_T1_SR_nir_2048_4096.png, rivers, 83.345627784729
LC08_L2SP_141045_20211023_20211103_02_T1_SR_nir_2048_5120.png, rivers, 84.52396392822266
LC08_L2SP_141045_20211023_20211103_02_T1_SR_nir_2048_6144.png, rivers, 85.35862565040588
LC08_L2SP_141045_20211023_20211103_02_T1_SR_nir_3072_0.png, rivers, 73.79873991012573
LC08_L2SP_141045_20211023_20211103_02_T1_SR_nir_3072_1024.png, lakes, 59.13007855415344
LC08_L2SP_141045_20211023_20211103_02_T1_SR_nir_3072_2048.png, lakes, 98.36447238922119
LC08_L2SP_141045_20211023_20211103_02_T1_SR_nir_3072_3072.png, lakes, 98.27757477760315
LC08_L2SP_141045_20211023_20211103_02_T1_SR_nir_3072_4096.png, rivers, 80.26838302612305
LC08_L2SP_141045_20211023_20211103_02_T1_SR_nir_3072_5120.png, rivers, 85.04291772842407
LC08_L2SP_141045_20211023_20211103_02_T1_SR_nir_4096_0.png, rivers, 84.47653651237488
LC08_L2SP_141045_20211023_20211103_02_T1_SR_nir_4096_1024.png, rivers, 85.59443950653076
LC08_L2SP_141045_20211023_20211103_02_T1_SR_nir_4096_2048.png, rivers, 84.67150330543518
LC08_L2SP_141045_20211023_20211103_02_T1_SR_nir_4096_3072.png, lakes, 90.33433198928833
LC08_L2SP_141045_20211023_20211103_02_T1_SR_nir_4096_4096.png, rivers, 85.16756296157837
LC08_L2SP_141045_20211023_20211103_02_T1_SR_nir_4096_5120.png, rivers, 84.60781574249268
LC08_L2SP_141045_20211023_20211103_02_T1_SR_nir_4096_6144.png, rivers, 84.32667255401611
LC08_L2SP_141045_20211023_20211103_02_T1_SR_nir_5120_1024.png, rivers, 83.58761668205261
LC08_L2SP_141045_20211023_20211103_02_T1_SR_nir_5120_3072.png, rivers, 74.13703203201294
LC08_L2SP_141045_20211023_20211103_02_T1_SR_nir_5120_4096.png, rivers, 85.36155223846436
LC08_L2SP_141045_20211023_20211103_02_T1_SR_nir_6144_0.png, rivers, 84.95742082595825
LC08_L2SP_141045_20211023_20211103_02_T1_SR_nir_6144_1024.png, rivers, 84.84750986099243
LC08_L2SP_141045_20211023_20211103_02_T1_SR_nir_6144_2048.png, rivers, 84.92738604545593
LC08_L2SP_141045_20211023_20211103_02_T1_SR_nir_6144_3072.png, lakes, 54.69372272491455
LC08_L2SP_141045_20211023_20211103_02_T1_SR_nir_6144_4096.png, lakes, 58.38046073913574
LC08_L2SP_141045_20211023_20211103_02_T1_SR_nir_6144_5120.png, lakes, 66.94532036781311
LC08_L2SP_141045_20211023_20211103_02_T1_SR_swir1_0_2048.png, rivers, 85.02442240715027
LC08_L2SP_141045_20211023_20211103_02_T1_SR_swir1_0_5120.png, rivers, 85.00665426254272
LC08_L2SP_141045_20211023_20211103_02_T1_SR_swir1_1024_0.png, rivers, 85.10808944702148
LC08_L2SP_141045_20211023_20211103_02_T1_SR_swir1_1024_1024.png, rivers, 85.81100702285767
LC08_L2SP_141045_20211023_20211103_02_T1_SR_swir1_1024_2048.png, rivers, 84.69885587692261
LC08_L2SP_141045_20211023_20211103_02_T1_SR_swir1_1024_3072.png, rivers, 84.99627709388733
LC08_L2SP_141045_20211023_20211103_02_T1_SR_swir1_1024_4096.png, rivers, 79.79006767272949
LC08_L2SP_141045_20211023_20211103_02_T1_SR_swir1_1024_5120.png, rivers, 82.85163044929504
LC08_L2SP_141045_20211023_20211103_02_T1_SR_swir1_1024_6144.png, rivers, 52.99438834190369
LC08_L2SP_141045_20211023_20211103_02_T1_SR_swir1_2048_0.png, rivers, 85.09939908981323
LC08_L2SP_141045_20211023_20211103_02_T1_SR_swir1_2048_1024.png, rivers, 76.9968569278717
LC08_L2SP_141045_20211023_20211103_02_T1_SR_swir1_2048_2048.png, rivers, 80.42211532592773
LC08_L2SP_141045_20211023_20211103_02_T1_SR_swir1_2048_3072.png, rivers, 84.85287427902222
LC08_L2SP_141045_20211023_20211103_02_T1_SR_swir1_2048_4096.png, rivers, 82.89321660995483
LC08_L2SP_141045_20211023_20211103_02_T1_SR_swir1_2048_6144.png, rivers, 85.41560769081116
LC08_L2SP_141045_20211023_20211103_02_T1_SR_swir1_3072_0.png, rivers, 72.34272360801697
LC08_L2SP_141045_20211023_20211103_02_T1_SR_swir1_3072_1024.png, lakes, 61.597639322280884
LC08_L2SP_141045_20211023_20211103_02_T1_SR_swir1_3072_2048.png, lakes, 99.29594993591309
LC08_L2SP_141045_20211023_20211103_02_T1_SR_swir1_3072_3072.png, lakes, 99.48164820671082
LC08_L2SP_141045_20211023_20211103_02_T1_SR_swir1_3072_4096.png, rivers, 73.15306067466736
LC08_L2SP_141045_20211023_20211103_02_T1_SR_swir1_3072_5120.png, rivers, 85.02218723297119
LC08_L2SP_141045_20211023_20211103_02_T1_SR_swir1_4096_0.png, rivers, 83.90065431594849
LC08_L2SP_141045_20211023_20211103_02_T1_SR_swir1_4096_1024.png, rivers, 83.98001194000244
LC08_L2SP_141045_20211023_20211103_02_T1_SR_swir1_4096_2048.png, rivers, 84.05004739761353
LC08_L2SP_141045_20211023_20211103_02_T1_SR_swir1_4096_3072.png, lakes, 92.31269955635071
LC08_L2SP_141045_20211023_20211103_02_T1_SR_swir1_4096_4096.png, rivers, 83.21840763092041
LC08_L2SP_141045_20211023_20211103_02_T1_SR_swir1_4096_5120.png, rivers, 84.63791608810425
LC08_L2SP_141045_20211023_20211103_02_T1_SR_swir1_4096_6144.png, rivers, 84.29792523384094
LC08_L2SP_141045_20211023_20211103_02_T1_SR_swir1_5120_0.png, rivers, 84.69768762588501
LC08_L2SP_141045_20211023_20211103_02_T1_SR_swir1_5120_1024.png, rivers, 83.0726683139801
LC08_L2SP_141045_20211023_20211103_02_T1_SR_swir1_5120_2048.png, rivers, 84.54530239105225
LC08_L2SP_141045_20211023_20211103_02_T1_SR_swir1_5120_3072.png, rivers, 71.69383764266968
LC08_L2SP_141045_20211023_20211103_02_T1_SR_swir1_5120_4096.png, rivers, 84.5626175403595
LC08_L2SP_141045_20211023_20211103_02_T1_SR_swir1_6144_0.png, rivers, 85.07615923881531
LC08_L2SP_141045_20211023_20211103_02_T1_SR_swir1_6144_1024.png, rivers, 85.00454425811768
LC08_L2SP_141045_20211023_20211103_02_T1_SR_swir1_6144_2048.png, rivers, 84.89303588867188
LC08_L2SP_141045_20211023_20211103_02_T1_SR_swir1_6144_3072.png, lakes, 64.3342673778534
LC08_L2SP_141045_20211023_20211103_02_T1_SR_swir1_6144_4096.png, lakes, 60.98542809486389
LC08_L2SP_141045_20211023_20211103_02_T1_SR_swir1_6144_5120.png, lakes, 72.08132147789001
LC08_L2SP_141045_20211023_20211103_02_T1_SR_swir2_0_1024.png, rivers, 84.45984125137329
LC08_L2SP_141045_20211023_20211103_02_T1_SR_swir2_0_2048.png, rivers, 84.8634421825409
LC08_L2SP_141045_20211023_20211103_02_T1_SR_swir2_0_3072.png, rivers, 84.74705219268799
LC08_L2SP_141045_20211023_20211103_02_T1_SR_swir2_0_5120.png, rivers, 85.04571318626404
LC08_L2SP_141045_20211023_20211103_02_T1_SR_swir2_1024_0.png, rivers, 85.12998223304749
LC08_L2SP_141045_20211023_20211103_02_T1_SR_swir2_1024_1024.png, rivers, 86.01646423339844
LC08_L2SP_141045_20211023_20211103_02_T1_SR_swir2_1024_2048.png, rivers, 84.57565903663635
LC08_L2SP_141045_20211023_20211103_02_T1_SR_swir2_1024_3072.png, rivers, 85.08720397949219
LC08_L2SP_141045_20211023_20211103_02_T1_SR_swir2_1024_4096.png, rivers, 78.66387367248535
LC08_L2SP_141045_20211023_20211103_02_T1_SR_swir2_1024_5120.png, rivers, 81.56551122665405
LC08_L2SP_141045_20211023_20211103_02_T1_SR_swir2_1024_6144.png, lakes, 53.94541621208191
LC08_L2SP_141045_20211023_20211103_02_T1_SR_swir2_2048_1024.png, rivers, 75.8000135421753
LC08_L2SP_141045_20211023_20211103_02_T1_SR_swir2_2048_2048.png, rivers, 79.26644682884216
LC08_L2SP_141045_20211023_20211103_02_T1_SR_swir2_2048_4096.png, rivers, 82.33495354652405
LC08_L2SP_141045_20211023_20211103_02_T1_SR_swir2_2048_5120.png, rivers, 83.57065916061401
LC08_L2SP_141045_20211023_20211103_02_T1_SR_swir2_2048_6144.png, rivers, 85.45222282409668
LC08_L2SP_141045_20211023_20211103_02_T1_SR_swir2_3072_0.png, rivers, 71.10549807548523
LC08_L2SP_141045_20211023_20211103_02_T1_SR_swir2_3072_1024.png, lakes, 64.14412260055542
LC08_L2SP_141045_20211023_20211103_02_T1_SR_swir2_3072_2048.png, lakes, 99.346923828125
LC08_L2SP_141045_20211023_20211103_02_T1_SR_swir2_3072_3072.png, lakes, 99.76475834846497
LC08_L2SP_141045_20211023_20211103_02_T1_SR_swir2_3072_4096.png, rivers, 68.06734204292297
LC08_L2SP_141045_20211023_20211103_02_T1_SR_swir2_4096_0.png, rivers, 84.15204286575317
LC08_L2SP_141045_20211023_20211103_02_T1_SR_swir2_4096_1024.png, rivers, 83.91690850257874
LC08_L2SP_141045_20211023_20211103_02_T1_SR_swir2_4096_2048.png, rivers, 83.64711403846741
LC08_L2SP_141045_20211023_20211103_02_T1_SR_swir2_4096_3072.png, lakes, 95.58380842208862
LC08_L2SP_141045_20211023_20211103_02_T1_SR_swir2_4096_4096.png, rivers, 80.60091733932495
LC08_L2SP_141045_20211023_20211103_02_T1_SR_swir2_4096_5120.png, rivers, 84.59564447402954
LC08_L2SP_141045_20211023_20211103_02_T1_SR_swir2_4096_6144.png, rivers, 84.2545747756958
LC08_L2SP_141045_20211023_20211103_02_T1_SR_swir2_5120_0.png, rivers, 84.67497229576111
LC08_L2SP_141045_20211023_20211103_02_T1_SR_swir2_5120_1024.png, rivers, 82.83450603485107
LC08_L2SP_141045_20211023_20211103_02_T1_SR_swir2_5120_2048.png, rivers, 84.22735333442688
LC08_L2SP_141045_20211023_20211103_02_T1_SR_swir2_5120_3072.png, rivers, 65.21283388137817
LC08_L2SP_141045_20211023_20211103_02_T1_SR_swir2_6144_0.png, rivers, 85.04282236099243
LC08_L2SP_141045_20211023_20211103_02_T1_SR_swir2_6144_1024.png, rivers, 84.99916195869446
LC08_L2SP_141045_20211023_20211103_02_T1_SR_swir2_6144_2048.png, rivers, 84.96481776237488
LC08_L2SP_141045_20211023_20211103_02_T1_SR_swir2_6144_3072.png, lakes, 68.31547021865845
LC08_L2SP_141045_20211023_20211103_02_T1_SR_swir2_6144_4096.png, lakes, 63.59054446220398
LC08_L2SP_141045_20211023_20211103_02_T1_SR_swir2_6144_5120.png, lakes, 77.07316875457764
